player_id,player_display_name,position,team_2025,games,snap_pct,proj_pg,role_pg,vor_pg,vor_season,reliability,targets,target_share,air_yards_share,wopr,carries,rz_carries,rz_targets,i10_touches,rz_share,actual_td,xtd,td_oe,passing_tds,pts_league,pts_pub4,sixpt_gap,pts_xtd,pts_league_pg,pts_xtd_pg,sixpt_gap_pg
00-0026498,Matthew Stafford,QB,LA,17,0.985,23.942,21.708,3.178,54.032,1.000,0,0.000,0.000,0.000,29,7.000,0.000,4.000,0.035,0,1.840,-1.840,46,442.380,350.380,92.000,453.420,26.022,26.672,5.412
00-0034857,Josh Allen,QB,BUF,16,0.922,22.471,21.007,1.707,29.027,1.000,0,0.000,0.000,0.000,112,33.000,0.000,22.000,0.174,14,9.590,4.410,25,414.620,364.620,50.000,388.161,25.914,24.260,3.125
00-0039851,Drake Maye,QB,NE,17,0.958,22.807,20.931,2.044,34.746,1.000,1,0.001,-0.001,0.001,103,21.000,0.000,14.000,0.123,4,6.208,-2.208,31,413.460,351.460,62.000,426.707,24.321,25.100,3.647
00-0036971,Trevor Lawrence,QB,JAX,17,0.967,22.320,22.300,1.556,26.460,1.000,0,0.000,0.000,0.000,82,23.000,0.000,14.000,0.113,9,6.277,2.723,29,396.180,338.180,58.000,379.843,23.305,22.344,3.412
00-0033077,Dak Prescott,QB,DAL,17,0.951,22.976,23.165,2.213,37.616,1.000,0,0.000,0.000,0.000,53,12.000,0.000,10.000,0.061,2,4.148,-2.148,30,373.780,313.780,60.000,386.670,21.987,22.745,3.529
00-0039918,Caleb Williams,QB,CHI,17,0.991,21.487,21.104,0.724,12.304,1.000,2,0.003,-0.001,0.005,77,20.000,1.000,8.000,0.121,4,4.259,-0.259,27,371.680,317.680,54.000,373.234,21.864,21.955,3.176
00-0033280,Christian McCaffrey,RB,SF,17,0.831,22.701,22.905,12.870,218.797,1.000,129,0.234,0.078,0.405,311,75.000,25.000,50.000,0.510,17,19.679,-2.679,0,365.600,365.600,0.000,381.675,21.506,22.451,0.000
00-0033106,Jared Goff,QB,DET,17,0.985,20.763,19.923,0.000,0.000,1.000,0,0.000,0.000,0.000,19,3.000,0.000,2.000,0.016,0,0.896,-0.896,34,365.060,297.060,68.000,370.439,21.474,21.791,4.000
00-0039732,Bo Nix,QB,DEN,17,0.996,22.359,24.012,1.596,27.126,1.000,1,0.002,0.000,0.003,83,17.000,1.000,6.000,0.110,5,3.486,1.514,25,354.840,304.840,50.000,345.757,20.873,20.339,2.941
00-0036389,Jalen Hurts,QB,PHI,16,0.976,20.338,19.453,-0.425,-7.225,1.000,0,0.000,0.000,0.000,105,27.000,0.000,15.000,0.179,8,6.944,1.056,25,349.060,299.060,50.000,342.722,21.816,21.420,3.125
00-0036223,Jonathan Taylor,RB,IND,17,0.826,17.191,16.603,7.361,125.132,1.000,55,0.110,-0.011,0.157,323,70.000,4.000,40.000,0.396,20,14.197,5.803,0,339.300,339.300,0.000,304.481,19.959,17.911,0.000
00-0036355,Justin Herbert,QB,LAC,16,0.968,22.194,22.700,1.430,24.316,1.000,0,0.000,0.000,0.000,83,13.000,0.000,6.000,0.079,2,3.051,-1.051,26,338.880,286.880,52.000,345.185,21.180,21.574,3.250
00-0038542,Bijan Robinson,RB,ATL,17,0.782,17.780,16.636,7.949,135.131,1.000,103,0.198,0.021,0.311,287,35.000,13.000,21.000,0.348,11,10.121,0.879,0,331.300,331.300,0.000,326.026,19.488,19.178,0.000
00-0033873,Patrick Mahomes,QB,KC,14,0.974,23.320,23.918,2.557,43.472,1.000,1,0.002,-0.002,0.002,64,15.000,0.000,5.000,0.081,5,2.845,2.155,22,329.180,285.180,44.000,316.251,23.513,22.589,3.143
00-0039139,Jahmyr Gibbs,RB,DET,17,0.670,16.338,15.776,6.507,110.615,1.000,94,0.162,0.015,0.253,243,52.000,15.000,26.000,0.353,18,11.501,6.499,0,328.400,328.400,0.000,289.408,19.318,17.024,0.000
00-0034855,Baker Mayfield,QB,TB,17,0.971,18.980,18.886,-1.783,-30.312,1.000,0,0.000,0.000,0.000,55,9.000,0.000,1.000,0.064,1,1.117,-0.117,26,323.920,271.920,52.000,324.621,19.054,19.095,3.059
00-0039075,Puka Nacua,WR,LA,16,0.682,16.204,14.492,6.672,113.431,1.000,166,0.301,0.319,0.675,10,1.000,17.000,11.000,0.091,11,8.039,2.961,0,310.500,310.500,0.000,292.733,19.406,18.296,0.000
00-0038543,Jaxon Smith-Njigba,WR,SEA,17,0.774,15.034,13.726,5.503,93.550,1.000,163,0.368,0.503,0.904,7,0.000,17.000,7.000,0.102,10,7.060,2.940,0,300.400,300.400,0.000,282.760,17.671,16.633,0.000
00-0039040,De'Von Achane,RB,MIA,16,0.754,15.549,14.630,5.718,97.205,1.000,85,0.188,0.011,0.289,238,32.000,11.000,16.000,0.307,12,8.241,3.759,0,289.300,289.300,0.000,266.748,18.081,16.672,0.000
00-0037248,James Cook,RB,BUF,17,0.572,14.706,13.983,4.876,82.888,1.000,40,0.082,0.006,0.127,309,56.000,3.000,27.000,0.311,14,10.557,3.443,0,285.700,285.700,0.000,265.044,16.806,15.591,0.000
00-0034869,Sam Darnold,QB,SEA,17,0.962,16.376,15.522,-4.387,-74.584,1.000,0,0.000,0.000,0.000,35,6.000,0.000,4.000,0.036,0,1.785,-1.785,25,285.420,235.420,50.000,296.127,16.789,17.419,2.941
00-0036264,Jordan Love,QB,GB,15,0.943,18.217,17.294,-2.546,-43.290,1.000,0,0.000,0.000,0.000,47,6.000,0.000,3.000,0.036,0,1.505,-1.505,23,281.140,235.140,46.000,290.168,18.743,19.345,3.067
00-0023459,Aaron Rodgers,QB,PIT,16,0.957,17.198,17.254,-3.565,-60.604,1.000,1,0.002,-0.003,0.001,21,3.000,0.000,2.000,0.018,1,0.918,0.082,24,274.580,226.580,48.000,274.091,17.161,17.131,3.000
00-0033119,Jacoby Brissett,QB,ARI,14,0.857,21.127,22.071,0.364,6.192,1.000,0,0.000,0.000,0.000,38,5.000,0.000,5.000,0.030,1,2.034,-1.034,23,273.440,227.440,46.000,279.645,19.531,19.975,3.286
00-0032764,Derrick Henry,RB,BAL,17,0.545,14.369,13.798,4.539,77.157,1.000,21,0.049,0.002,0.075,307,63.000,2.000,40.000,0.371,16,13.357,2.643,0,272.000,272.000,0.000,256.143,16.000,15.067,0.000
00-0040691,Jaxson Dart,QB,NYG,14,0.836,18.364,18.713,-2.399,-40.787,1.000,0,0.000,0.000,0.000,86,22.000,0.000,12.000,0.122,9,5.589,3.411,15,271.580,241.580,30.000,251.116,19.399,17.937,2.143
00-0036963,Amon-Ra St. Brown,WR,DET,17,0.852,15.755,15.438,6.223,105.798,1.000,172,0.317,0.387,0.746,3,1.000,35.000,21.000,0.189,11,12.487,-1.487,0,265.500,265.500,0.000,274.423,15.618,16.143,0.000
00-0035710,Daniel Jones,QB,IND,13,0.915,19.253,18.583,-1.510,-25.677,1.000,0,0.000,0.000,0.000,45,16.000,0.000,10.000,0.086,5,4.415,0.585,19,264.440,226.440,38.000,260.929,20.342,20.071,2.923
00-0039150,Bryce Young,QB,CAR,16,0.968,17.781,18.670,-2.982,-50.699,1.000,0,0.000,0.000,0.000,54,11.000,0.000,5.000,0.076,2,2.512,-0.512,23,264.040,218.040,46.000,267.112,16.503,16.695,2.875
00-0034796,Lamar Jackson,QB,BAL,13,0.922,17.929,16.171,-2.834,-48.174,1.000,0,0.000,0.000,0.000,67,13.000,0.000,5.000,0.074,2,2.693,-0.693,21,256.860,214.860,42.000,261.016,19.758,20.078,3.231
00-0037744,Trey McBride,TE,ARI,17,0.914,14.955,15.216,6.971,118.503,1.000,169,0.279,0.246,0.590,0,0.000,33.000,11.000,0.200,11,10.321,0.679,0,252.900,252.900,0.000,248.826,14.876,14.637,0.000
00-0036900,Ja'Marr Chase,WR,CIN,16,0.944,16.342,16.767,6.810,115.775,1.000,185,0.321,0.366,0.737,3,0.000,22.000,8.000,0.151,8,8.343,-0.343,0,251.100,251.100,0.000,253.158,15.694,15.822,0.000
00-0038597,Chase Brown,RB,CIN,17,0.666,14.546,14.744,4.715,80.153,1.000,88,0.143,0.014,0.224,232,36.000,11.000,24.000,0.322,11,10.175,0.825,0,248.100,248.100,0.000,243.148,14.594,14.303,0.000
00-0039163,C.J. Stroud,QB,HOU,14,0.912,18.386,18.792,-2.377,-40.415,1.000,0,0.000,0.000,0.000,48,8.000,0.000,3.000,0.050,1,1.652,-0.652,19,246.540,208.540,38.000,250.451,17.610,17.889,2.714
00-0037247,George Pickens,WR,DAL,17,0.811,12.727,11.654,3.196,54.328,1.000,137,0.225,0.322,0.563,0,0.000,23.000,10.000,0.117,9,7.876,1.124,0,245.400,245.400,0.000,238.655,14.435,14.039,0.000
00-0037840,Kyren Williams,RB,LA,17,0.683,14.027,13.897,4.196,71.336,1.000,50,0.081,0.021,0.136,259,53.000,10.000,33.000,0.318,13,12.311,0.689,0,245.300,245.300,0.000,241.167,14.429,14.186,0.000
00-0036973,Travis Etienne,RB,JAX,17,0.601,13.879,14.095,4.048,68.818,1.000,52,0.098,-0.017,0.135,260,54.000,10.000,32.000,0.315,13,12.260,0.740,0,235.900,235.900,0.000,231.459,13.876,13.615,0.000
00-0036997,Javonte Williams,RB,DAL,16,0.690,14.417,14.822,4.586,77.960,1.000,51,0.086,-0.015,0.119,252,54.000,12.000,33.000,0.337,13,12.572,0.428,0,225.300,225.300,0.000,222.732,14.081,13.921,0.000
00-0035700,Josh Jacobs,RB,GB,15,0.591,14.086,14.514,4.255,72.338,1.000,44,0.102,-0.040,0.124,234,52.000,6.000,32.000,0.343,14,11.391,2.609,0,219.100,219.100,0.000,203.449,14.607,13.563,0.000
00-0037239,Chris Olave,WR,NO,16,0.843,13.297,13.949,3.765,64.007,1.000,156,0.292,0.410,0.725,1,0.000,15.000,4.000,0.122,9,5.998,3.002,0,218.000,218.000,0.000,199.988,13.625,12.499,0.000
00-0040122,Ashton Jeanty,RB,LV,17,0.779,13.408,14.224,3.577,60.807,1.000,73,0.148,-0.058,0.181,266,34.000,10.000,19.000,0.386,10,8.894,1.106,0,217.600,217.600,0.000,210.964,12.800,12.410,0.000
00-0037834,Brock Purdy,QB,SF,9,0.978,22.297,21.576,1.150,19.557,0.750,0,0.000,0.000,0.000,33,7.000,0.000,3.000,0.036,3,1.538,1.462,20,217.380,177.380,40.000,208.607,24.153,23.179,4.444
00-0040676,Cam Ward,QB,TEN,17,0.946,14.753,16.009,-6.011,-102.180,1.000,0,0.000,0.000,0.000,39,10.000,0.000,8.000,0.099,2,3.338,-1.338,15,216.660,186.660,30.000,224.689,12.745,13.217,1.765
00-0034844,Saquon Barkley,RB,PHI,16,0.783,14.332,14.650,4.501,76.524,1.000,50,0.121,-0.007,0.176,280,43.000,7.000,27.000,0.331,9,10.550,-1.550,0,213.800,213.800,0.000,223.101,13.363,13.944,0.000
00-0030565,Geno Smith,QB,LV,15,0.965,15.849,16.849,-4.915,-83.549,1.000,0,0.000,0.000,0.000,41,7.000,0.000,2.000,0.061,0,1.247,-1.247,19,211.900,173.900,38.000,219.380,14.127,14.625,2.533
00-0036275,D'Andre Swift,RB,CHI,16,0.579,12.555,12.422,2.725,46.320,1.000,48,0.094,-0.007,0.135,223,40.000,1.000,24.000,0.236,10,8.648,1.352,0,211.600,211.600,0.000,203.491,13.225,12.718,0.000
00-0036212,Tua Tagovailoa,QB,MIA,14,0.954,14.589,14.725,-6.175,-104.967,1.000,0,0.000,0.000,0.000,20,2.000,0.000,0.000,0.014,0,0.200,-0.200,20,200.700,160.700,40.000,201.902,14.336,14.422,2.857
00-0039064,Zay Flowers,WR,BAL,17,0.865,10.577,9.881,1.046,17.782,1.000,118,0.299,0.360,0.701,10,1.000,11.000,5.000,0.069,6,4.996,1.004,0,200.300,200.300,0.000,194.276,11.782,11.428,0.000
00-0037228,Jaylen Warren,RB,PIT,16,0.508,12.477,12.135,2.646,44.986,1.000,45,0.096,-0.045,0.112,211,40.000,5.000,26.000,0.274,8,9.538,-1.538,0,197.100,197.100,0.000,206.326,12.319,12.895,0.000
00-0036139,Rico Dowdle,RB,CAR,17,0.561,11.402,11.323,1.571,26.706,1.000,50,0.110,-0.032,0.143,236,34.000,5.000,14.000,0.271,7,6.777,0.223,0,196.800,196.800,0.000,195.463,11.576,11.498,0.000
00-0031381,Davante Adams,WR,LA,14,0.714,12.871,13.088,3.339,56.765,1.000,114,0.251,0.357,0.627,0,0.000,32.000,23.000,0.162,14,11.260,2.740,0,192.900,192.900,0.000,176.460,13.779,12.604,0.000
00-0038120,Breece Hall,RB,NYJ,16,0.644,12.191,11.817,2.360,40.125,1.000,48,0.106,-0.007,0.154,243,24.000,9.000,13.000,0.273,5,6.786,-1.786,1,191.660,189.660,2.000,202.379,11.979,12.649,0.125
00-0036554,Nico Collins,WR,HOU,15,0.772,12.120,11.648,2.589,44.008,1.000,120,0.242,0.351,0.609,2,1.000,18.000,10.000,0.119,7,6.959,0.041,0,190.700,190.700,0.000,190.457,12.713,12.697,0.000
00-0040734,TreVeyon Henderson,RB,NE,17,0.459,10.327,10.103,0.496,8.436,1.000,42,0.084,-0.000,0.126,180,36.000,4.000,24.000,0.234,10,8.586,1.414,0,188.700,188.700,0.000,180.216,11.100,10.601,0.000
00-0037240,Jameson Williams,WR,DET,17,0.902,8.943,7.988,-0.588,-9.997,1.000,102,0.186,0.319,0.503,6,1.000,9.000,5.000,0.053,7,4.413,2.587,0,187.400,187.400,0.000,171.878,11.024,10.110,0.000
00-0036919,Kenny Gainwell,RB,PIT,17,0.496,11.102,10.985,1.272,21.619,1.000,85,0.163,-0.014,0.234,114,23.000,17.000,22.000,0.244,8,9.062,-1.062,0,184.800,184.800,0.000,191.175,10.871,11.246,0.000
00-0040730,RJ Harvey,RB,DEN,17,0.421,9.715,9.960,-0.115,-1.959,1.000,58,0.102,-0.010,0.146,146,28.000,11.000,20.000,0.238,12,8.162,3.838,0,183.100,183.100,0.000,160.074,10.771,9.416,0.000
00-0034348,Courtland Sutton,WR,DEN,17,0.854,10.493,10.438,0.961,16.345,1.000,124,0.211,0.344,0.557,0,0.000,19.000,7.000,0.116,7,6.468,0.532,0,182.700,182.700,0.000,179.509,10.747,10.559,0.000
00-0036410,Tee Higgins,WR,CIN,15,0.809,9.531,9.225,0.000,0.000,1.000,98,0.183,0.330,0.505,0,0.000,15.000,7.000,0.103,11,5.415,5.585,0,182.100,182.100,0.000,148.589,12.140,9.906,0.000
00-0038559,Michael Wilson,WR,ARI,17,0.814,10.282,10.388,0.751,12.762,1.000,126,0.192,0.312,0.507,0,0.000,16.000,4.000,0.097,7,5.500,1.500,0,181.600,181.600,0.000,172.599,10.682,10.153,0.000
00-0035676,A.J. Brown,WR,PHI,15,0.907,11.493,11.590,1.961,33.339,1.000,121,0.287,0.355,0.678,0,0.000,13.000,5.000,0.086,7,5.218,1.782,0,181.300,181.300,0.000,170.607,12.087,11.374,0.000
00-0040743,Tyler Shough,QB,NO,11,0.835,16.084,15.472,-4.289,-72.920,0.917,0,0.000,0.000,0.000,45,13.000,0.000,10.000,0.106,3,4.198,-1.198,10,177.960,157.960,20.000,185.150,16.178,16.832,1.818
00-0026158,Joe Flacco,QB,CIN,13,0.778,15.309,16.170,-5.455,-92.727,1.000,0,0.000,0.000,0.000,21,7.000,0.000,6.000,0.048,1,2.444,-1.444,15,176.660,146.660,30.000,185.327,13.589,14.256,2.308
00-0040124,Tetairoa McMillan,WR,CAR,17,0.872,10.125,10.294,0.594,10.098,1.000,122,0.257,0.459,0.708,0,0.000,15.000,6.000,0.104,7,5.704,1.296,0,176.400,176.400,0.000,168.623,10.376,9.919,0.000
00-0038134,Kenneth Walker III,RB,SEA,17,0.469,10.084,9.650,0.253,4.300,1.000,36,0.083,-0.021,0.109,221,34.000,3.000,11.000,0.223,5,5.674,-0.674,0,176.400,176.400,0.000,180.443,10.376,10.614,0.000
00-0038117,Wan'Dale Robinson,WR,NYG,16,0.907,12.056,12.630,2.525,42.921,1.000,140,0.303,0.285,0.653,3,0.000,13.000,5.000,0.072,4,5.629,-1.629,0,171.900,171.900,0.000,181.675,10.744,11.355,0.000
00-0039165,Zach Charbonnet,RB,SEA,16,0.484,10.404,10.616,0.574,9.753,1.000,24,0.052,0.012,0.087,184,51.000,3.000,32.000,0.325,12,10.489,1.511,0,171.400,171.400,0.000,162.332,10.713,10.146,0.000
00-0035261,Tony Pollard,RB,TEN,17,0.625,10.243,10.344,0.412,7.007,1.000,41,0.076,0.001,0.114,242,19.000,1.000,12.000,0.198,5,5.454,-0.454,0,169.300,169.300,0.000,172.027,9.959,10.119,0.000
00-0036442,Joe Burrow,QB,CIN,8,0.877,19.077,17.151,-1.124,-19.114,0.667,0,0.000,0.000,0.000,14,2.000,0.000,1.000,0.014,0,0.497,-0.497,17,168.460,134.460,34.000,171.441,21.058,21.430,4.250
00-0037238,Drake London,WR,ATL,12,0.907,13.523,13.584,3.992,67.857,1.000,112,0.297,0.402,0.727,0,0.000,15.000,8.000,0.109,7,5.912,1.088,0,167.900,167.900,0.000,161.374,13.992,13.448,0.000
00-0031588,Stefon Diggs,WR,NE,17,0.538,9.456,8.796,-0.075,-1.282,1.000,102,0.219,0.202,0.469,0,0.000,12.000,7.000,0.070,4,5.111,-1.111,0,167.800,167.800,0.000,174.468,9.871,10.263,0.000
00-0036970,Kyle Pitts,TE,ATL,17,0.880,9.716,9.651,1.732,29.444,1.000,118,0.227,0.216,0.492,0,0.000,12.000,6.000,0.087,5,4.957,0.043,0,166.800,166.800,0.000,166.542,9.812,9.797,0.000
00-0040129,Emeka Egbuka,WR,TB,17,0.776,10.085,10.642,0.553,9.405,1.000,127,0.236,0.353,0.601,2,0.000,14.000,4.000,0.099,6,5.275,0.725,0,164.200,164.200,0.000,159.850,9.659,9.403,0.000
00-0036358,CeeDee Lamb,WR,DAL,13,0.729,13.492,13.088,3.961,67.338,1.000,117,0.251,0.335,0.611,1,0.000,17.000,7.000,0.087,3,6.072,-3.072,0,163.400,163.400,0.000,181.830,12.569,13.987,0.000
00-0036912,DeVonta Smith,WR,PHI,17,0.844,9.556,9.406,0.025,0.417,1.000,113,0.246,0.321,0.594,0,0.000,11.000,3.000,0.073,4,4.379,-0.379,0,163.300,163.300,0.000,165.574,9.606,9.740,0.000
00-0036875,Rhamondre Stevenson,RB,NE,14,0.594,9.673,9.098,-0.158,-2.686,1.000,37,0.098,0.047,0.181,130,26.000,5.000,16.000,0.181,9,6.077,2.923,0,162.800,162.800,0.000,145.260,11.629,10.376,0.000
00-0036252,Michael Pittman,WR,IND,17,0.855,9.242,9.308,-0.289,-4.920,1.000,111,0.206,0.210,0.457,0,0.000,15.000,8.000,0.080,7,5.892,1.108,0,162.400,162.400,0.000,155.750,9.553,9.162,0.000
00-0036613,Jaylen Waddle,WR,MIA,16,0.776,9.177,8.843,-0.355,-6.030,1.000,100,0.233,0.427,0.648,2,0.000,11.000,5.000,0.079,6,4.538,1.462,0,162.120,162.120,0.000,153.345,10.133,9.584,0.000
00-0037664,Alec Pierce,WR,IND,15,0.859,8.462,7.412,-1.069,-18.181,1.000,84,0.176,0.406,0.548,0,0.000,9.000,4.000,0.048,6,3.729,2.271,0,159.800,159.800,0.000,146.174,10.653,9.745,0.000
00-0036322,Justin Jefferson,WR,MIN,17,0.942,11.754,12.156,2.222,37.781,1.000,141,0.307,0.401,0.741,2,0.000,18.000,10.000,0.123,2,7.327,-5.327,0,159.500,159.500,0.000,191.460,9.382,11.262,0.000
00-0035640,DK Metcalf,WR,PIT,15,0.873,9.604,9.363,0.073,1.242,1.000,99,0.224,0.372,0.596,2,1.000,13.000,8.000,0.085,7,5.465,1.535,0,157.700,157.700,0.000,148.492,10.513,9.899,0.000
00-0035685,David Montgomery,RB,DET,17,0.371,8.854,8.563,-0.977,-16.604,1.000,29,0.054,0.002,0.083,158,34.000,2.000,24.000,0.189,8,7.939,0.061,1,156.920,154.920,2.000,156.556,9.231,9.209,0.118
00-0040784,Quinshon Judkins,RB,CLE,14,0.505,12.209,13.025,2.378,40.427,1.000,36,0.083,-0.007,0.119,230,32.000,1.000,18.000,0.264,7,7.027,-0.027,0,156.800,156.800,0.000,156.961,11.200,11.211,0.000
00-0036945,Justin Fields,QB,NYJ,9,0.898,17.722,18.687,-2.281,-38.770,0.750,1,0.004,0.003,0.009,71,11.000,1.000,5.000,0.099,4,2.706,1.294,7,156.660,142.660,14.000,148.896,17.407,16.544,1.556
00-0036972,Mac Jones,QB,SF,11,0.744,15.774,16.792,-4.574,-77.755,0.917,0,0.000,0.000,0.000,36,3.000,0.000,1.000,0.015,0,0.631,-0.631,13,156.040,130.040,26.000,159.823,14.185,14.529,2.364
00-0030506,Travis Kelce,TE,KC,17,0.819,8.998,8.770,1.013,17.229,1.000,108,0.200,0.181,0.427,1,1.000,12.000,8.000,0.070,5,5.415,-0.415,0,155.200,155.200,0.000,157.690,9.129,9.276,0.000
00-0034351,Dallas Goedert,TE,PHI,15,0.846,8.529,8.716,0.545,9.258,1.000,82,0.208,0.152,0.418,0,0.000,15.000,9.000,0.099,11,5.900,5.100,0,155.100,155.100,0.000,124.503,10.340,8.300,0.000
00-0035719,Deebo Samuel Sr.,WR,WAS,16,0.723,9.285,9.167,-0.247,-4.193,1.000,99,0.254,0.134,0.475,17,4.000,12.000,9.000,0.106,6,5.778,0.222,0,152.200,152.200,0.000,150.865,9.513,9.429,0.000
00-0040128,Tyler Warren,TE,IND,17,0.838,10.118,10.022,2.134,36.278,1.000,112,0.215,0.147,0.425,6,4.000,21.000,15.000,0.134,5,8.919,-3.919,0,150.500,150.500,0.000,174.016,8.853,10.236,0.000
00-0040663,Harold Fannin Jr.,TE,CLE,16,0.759,8.796,9.210,0.811,13.795,1.000,107,0.218,0.187,0.458,7,2.000,10.000,4.000,0.096,7,4.040,2.960,0,150.400,150.400,0.000,132.638,9.400,8.290,0.000
00-0033090,Hunter Henry,TE,NE,17,0.794,8.760,8.661,0.776,13.187,1.000,87,0.174,0.154,0.369,0,0.000,22.000,10.000,0.129,7,7.363,-0.363,0,148.800,148.800,0.000,150.979,8.753,8.881,0.000
00-0039915,Ladd McConkey,WR,LAC,16,0.775,9.313,9.562,-0.219,-3.718,1.000,106,0.211,0.260,0.499,0,0.000,15.000,6.000,0.091,6,5.373,0.627,0,147.900,147.900,0.000,144.136,9.244,9.008,0.000
00-0039923,J.J. McCarthy,QB,MIN,10,0.916,16.114,18.325,-3.874,-65.864,0.833,0,0.000,0.000,0.000,37,6.000,0.000,4.000,0.041,4,1.790,2.210,11,147.380,125.380,22.000,134.121,14.738,13.412,2.200
00-0034827,DJ Moore,WR,CHI,17,0.848,7.320,6.853,-2.212,-37.601,1.000,85,0.161,0.199,0.381,15,2.000,11.000,7.000,0.075,7,4.826,2.174,1,147.180,145.180,2.000,134.137,8.658,7.890,0.118
00-0038041,Jake Ferguson,TE,DAL,17,0.667,9.108,9.271,1.124,19.108,1.000,102,0.165,0.089,0.310,1,0.000,24.000,13.000,0.122,8,8.726,-0.726,0,147.100,147.100,0.000,151.456,8.653,8.909,0.000
00-0036259,Jauan Jennings,WR,SF,15,0.821,8.768,8.980,-0.763,-12.975,1.000,90,0.199,0.256,0.478,0,0.000,19.000,8.000,0.097,9,5.972,3.028,0,145.800,145.800,0.000,127.633,9.720,8.509,0.000
00-0038544,Quentin Johnston,WR,LAC,13,0.769,9.657,9.469,0.125,2.129,1.000,84,0.200,0.280,0.496,2,0.000,15.000,7.000,0.091,8,5.137,2.863,0,145.700,145.700,0.000,128.523,11.208,9.886,0.000
00-0032268,Marcus Mariota,QB,WAS,10,0.745,13.873,12.996,-5.742,-97.612,0.833,0,0.000,0.000,0.000,50,8.000,0.000,3.000,0.053,1,1.657,-0.657,10,145.500,125.500,20.000,149.445,14.550,14.944,2.000
00-0039868,Troy Franklin,WR,DEN,17,0.596,8.823,9.035,-0.709,-12.046,1.000,104,0.182,0.280,0.469,5,0.000,18.000,8.000,0.110,6,6.163,-0.163,0,144.600,144.600,0.000,145.580,8.506,8.564,0.000
00-0039338,Brock Bowers,TE,LV,12,0.859,11.556,11.469,3.571,60.715,1.000,86,0.234,0.250,0.526,2,0.000,17.000,9.000,0.149,7,6.290,0.710,0,144.200,144.200,0.000,139.940,12.017,11.662,0.000
00-0038606,Parker Washington,WR,JAX,16,0.614,8.761,8.606,-0.770,-13.093,1.000,95,0.180,0.242,0.439,7,1.000,14.000,5.000,0.074,5,4.918,0.082,0,143.700,143.700,0.000,143.208,8.981,8.951,0.000
00-0039384,Tyrone Tracy Jr.,RB,NYG,15,0.545,9.831,9.958,0.000,0.000,1.000,48,0.108,0.002,0.163,176,21.000,5.000,7.000,0.144,4,4.389,-0.389,0,142.800,142.800,0.000,145.132,9.520,9.675,0.000
00-0030279,Keenan Allen,WR,LAC,17,0.555,9.925,10.612,0.393,6.687,1.000,122,0.221,0.228,0.490,0,0.000,16.000,7.000,0.097,4,6.040,-2.040,0,142.200,142.200,0.000,154.442,8.365,9.085,0.000
00-0036040,Juwan Johnson,TE,NO,17,0.750,7.914,7.670,-0.071,-1.203,1.000,102,0.177,0.155,0.374,0,0.000,8.000,1.000,0.065,3,2.700,0.300,0,141.400,141.400,0.000,139.601,8.318,8.212,0.000
00-0034960,Jakobi Meyers,WR,JAX,16,0.850,9.804,9.894,0.272,4.630,1.000,110,0.229,0.282,0.541,5,2.000,15.000,7.000,0.084,3,5.799,-2.799,0,138.300,138.300,0.000,155.091,8.644,9.693,0.000
00-0039917,Michael Penix Jr.,QB,ATL,9,0.932,15.788,16.017,-3.731,-63.433,0.750,0,0.000,0.000,0.000,21,3.000,0.000,3.000,0.022,1,1.215,-0.215,9,138.280,120.280,18.000,139.573,15.364,15.508,2.000
00-0037816,Romeo Doubs,WR,GB,16,0.776,8.127,7.844,-1.404,-23.876,1.000,85,0.189,0.280,0.479,0,0.000,17.000,8.000,0.101,6,5.611,0.389,0,137.900,137.900,0.000,135.567,8.619,8.473,0.000
00-0040236,Kyle Monangai,RB,CHI,17,0.409,8.788,8.680,-1.043,-17.734,1.000,30,0.057,-0.000,0.086,169,36.000,3.000,20.000,0.224,5,7.320,-2.320,0,137.700,137.700,0.000,151.623,8.100,8.919,0.000
00-0034383,Dalton Schultz,TE,HOU,17,0.711,8.487,8.372,0.503,8.554,1.000,106,0.191,0.152,0.393,0,0.000,11.000,6.000,0.069,3,4.664,-1.664,0,136.700,136.700,0.000,146.682,8.041,8.628,0.000
00-0033923,Kareem Hunt,RB,KC,17,0.471,8.075,8.426,-1.755,-29.841,1.000,25,0.044,-0.000,0.066,163,38.000,5.000,22.000,0.231,9,7.933,1.067,0,136.400,136.400,0.000,129.996,8.024,7.647,0.000
00-0040126,Colston Loveland,TE,CHI,16,0.645,7.984,7.816,0.000,0.000,1.000,82,0.166,0.163,0.363,1,1.000,14.000,7.000,0.086,6,5.158,0.842,0,136.100,136.100,0.000,131.049,8.506,8.191,0.000
00-0040242,Jacory Croskey-Merritt,RB,WAS,17,0.395,7.571,7.563,-2.260,-38.413,1.000,13,0.030,-0.005,0.041,175,31.000,1.000,20.000,0.212,8,6.845,1.155,0,135.800,135.800,0.000,128.870,7.988,7.581,0.000
00-0038563,Tre Tucker,WR,LV,17,0.948,7.480,7.381,-2.052,-34.881,1.000,92,0.190,0.264,0.469,11,1.000,10.000,5.000,0.096,5,4.335,0.665,0,133.200,133.200,0.000,129.211,7.835,7.601,0.000
00-0040583,Woody Marks,RB,HOU,16,0.515,9.863,10.326,0.032,0.545,1.000,36,0.068,0.018,0.115,196,33.000,8.000,18.000,0.256,5,7.609,-2.609,0,133.100,133.100,0.000,148.753,8.319,9.297,0.000
00-0033288,George Kittle,TE,SF,11,0.812,10.185,9.819,2.018,34.300,0.917,69,0.215,0.185,0.451,1,1.000,13.000,5.000,0.071,7,4.328,2.672,0,133.000,133.000,0.000,116.971,12.091,10.634,0.000
00-0037261,Khalil Shakir,WR,BUF,16,0.598,8.640,8.894,-0.892,-15.158,1.000,95,0.211,0.086,0.377,1,0.000,13.000,4.000,0.068,4,4.478,-0.478,0,130.400,130.400,0.000,133.267,8.150,8.329,0.000
00-0039910,Jayden Daniels,QB,WAS,7,0.903,19.282,20.376,-0.864,-14.691,0.583,0,0.000,0.000,0.000,58,6.000,0.000,2.000,0.040,2,1.222,0.778,8,130.280,114.280,16.000,125.612,18.611,17.945,2.286
00-0039919,Rome Odunze,WR,CHI,12,0.881,10.211,10.740,0.680,11.560,1.000,90,0.236,0.353,0.602,0,0.000,12.000,5.000,0.069,6,4.447,1.553,0,124.100,124.100,0.000,114.784,10.342,9.565,0.000
00-0039067,Rashee Rice,WR,KC,8,0.749,15.731,14.918,4.133,70.258,0.667,78,0.290,0.137,0.531,5,3.000,18.000,17.000,0.113,6,7.698,-1.698,0,123.600,123.600,0.000,133.786,15.450,16.723,0.000
00-0029604,Kirk Cousins,QB,ATL,10,0.861,12.566,13.021,-6.831,-116.133,0.833,0,0.000,0.000,0.000,14,1.000,0.000,1.000,0.007,1,0.425,0.575,10,123.540,103.540,20.000,120.088,12.354,12.009,2.000
00-0039361,Bucky Irving,RB,TB,10,0.616,13.014,13.521,2.653,45.097,0.833,35,0.107,-0.021,0.146,173,18.000,4.000,7.000,0.156,4,4.074,-0.074,0,123.500,123.500,0.000,123.946,12.350,12.395,0.000
00-0037256,Rachaad White,RB,TB,17,0.511,7.600,7.575,-2.230,-37.916,1.000,45,0.083,-0.027,0.105,132,18.000,10.000,10.000,0.199,4,5.121,-1.121,0,123.000,123.000,0.000,129.726,7.235,7.631,0.000
00-0037525,Jordan Mason,RB,MIN,16,0.427,6.859,6.783,-2.972,-50.525,1.000,16,0.035,-0.015,0.042,159,29.000,1.000,9.000,0.205,6,4.221,1.779,0,121.900,121.900,0.000,111.227,7.619,6.952,0.000
00-0039793,AJ Barner,TE,SEA,17,0.773,6.257,6.041,-1.728,-29.373,1.000,68,0.138,0.077,0.261,10,3.000,13.000,8.000,0.096,7,5.256,1.744,0,121.300,121.300,0.000,110.838,7.135,6.520,0.000
00-0040666,Omarion Hampton,RB,LAC,9,0.634,13.875,13.930,3.033,51.567,0.750,35,0.118,-0.030,0.156,124,26.000,2.000,16.000,0.170,5,5.763,-0.763,0,119.700,119.700,0.000,124.278,13.300,13.809,0.000
00-0039738,Blake Corum,RB,LA,17,0.291,6.615,6.448,-3.216,-54.665,1.000,14,0.023,0.001,0.035,145,27.000,1.000,16.000,0.141,6,5.623,0.377,0,118.200,118.200,0.000,115.940,6.953,6.820,0.000
00-0037263,Tyler Allgeier,RB,ATL,17,0.302,6.612,6.890,-3.219,-54.722,1.000,16,0.032,-0.007,0.043,143,32.000,1.000,19.000,0.239,8,6.437,1.563,0,116.000,116.000,0.000,106.625,6.824,6.272,0.000
00-0040715,Cam Skattebo,RB,NYG,8,0.522,13.255,13.491,2.283,38.806,0.667,32,0.129,-0.007,0.189,101,23.000,4.000,13.000,0.149,7,5.006,1.994,0,115.700,115.700,0.000,103.733,14.463,12.967,0.000
00-0037545,Rashid Shaheed,WR,SEA,18,0.609,7.030,7.121,-2.502,-42.527,1.000,92,0.162,0.224,0.400,9,1.000,9.000,2.000,0.060,2,3.571,-1.571,0,115.100,115.100,0.000,124.526,6.394,6.918,0.000
00-0038124,Christian Watson,WR,GB,10,0.677,8.571,7.760,-0.801,-13.610,0.833,55,0.203,0.348,0.548,1,1.000,6.000,4.000,0.041,6,2.786,3.214,0,114.900,114.900,0.000,95.616,11.490,9.562,0.000
00-0039893,Brian Thomas Jr.,WR,JAX,14,0.776,8.774,8.853,-0.757,-12.868,1.000,91,0.193,0.316,0.511,3,1.000,7.000,6.000,0.039,3,4.117,-1.117,0,114.800,114.800,0.000,121.504,8.200,8.679,0.000
00-0039376,Spencer Rattler,QB,NO,9,0.817,13.963,14.539,-5.100,-86.703,0.750,2,0.008,0.004,0.015,31,4.000,1.000,1.000,0.041,0,0.782,-0.782,8,114.640,98.640,16.000,119.329,12.738,13.259,1.778
00-0038994,Jordan Addison,WR,MIN,14,0.851,8.141,8.007,-1.391,-23.640,1.000,79,0.182,0.330,0.504,2,0.000,13.000,5.000,0.089,4,4.360,-0.360,0,114.100,114.100,0.000,116.263,8.150,8.304,0.000
00-0035662,Marquise Brown,WR,KC,16,0.535,6.720,6.589,-2.811,-47.788,1.000,74,0.142,0.197,0.351,0,0.000,10.000,8.000,0.054,5,4.482,0.518,0,113.200,113.200,0.000,110.091,7.075,6.881,0.000
00-0036158,J.K. Dobbins,RB,DEN,10,0.511,10.797,10.466,0.805,13.688,0.833,14,0.046,-0.011,0.061,153,20.000,0.000,11.000,0.122,4,4.268,-0.268,0,110.400,110.400,0.000,112.011,11.040,11.201,0.000
00-0036555,Chuba Hubbard,RB,CAR,15,0.458,8.067,8.305,-1.764,-29.987,1.000,39,0.088,-0.035,0.108,134,18.000,6.000,11.000,0.167,4,5.040,-1.040,0,110.400,110.400,0.000,116.643,7.360,7.776,0.000
00-0039391,Kimani Vidal,RB,LAC,13,0.545,9.356,9.377,-0.475,-8.068,1.000,22,0.054,-0.007,0.077,155,26.000,6.000,14.000,0.194,4,5.899,-1.899,0,109.900,109.900,0.000,121.294,8.454,9.330,0.000
00-0040130,Jayden Higgins,WR,HOU,17,0.572,5.456,5.523,-4.075,-69.281,1.000,68,0.124,0.177,0.309,0,0.000,8.000,3.000,0.050,6,3.061,2.939,0,109.000,109.000,0.000,91.367,6.412,5.375,0.000
00-0036244,Colby Parkinson,TE,LA,14,0.604,7.344,7.367,-0.641,-10.894,1.000,56,0.117,0.045,0.206,0,0.000,22.000,10.000,0.111,8,7.019,0.981,0,108.300,108.300,0.000,102.413,7.736,7.315,0.000
00-0038608,Kayshon Boutte,WR,NE,14,0.675,5.005,4.255,-4.526,-76.948,1.000,46,0.120,0.215,0.330,0,0.000,4.000,2.000,0.023,6,1.883,4.117,0,107.600,107.600,0.000,82.897,7.686,5.921,0.000
00-0038997,Josh Downs,WR,IND,16,0.587,7.652,8.174,-1.879,-31.948,1.000,88,0.175,0.168,0.379,2,0.000,15.000,5.000,0.080,4,4.804,-0.804,0,107.400,107.400,0.000,112.226,6.713,7.014,0.000
00-0039849,Marvin Harrison Jr.,WR,ARI,12,0.713,8.720,8.605,-0.811,-13.795,1.000,73,0.181,0.330,0.502,0,0.000,10.000,5.000,0.061,4,3.838,0.162,0,107.300,107.300,0.000,106.327,8.942,8.861,0.000
00-0034753,Mark Andrews,TE,BAL,17,0.617,6.917,7.224,-1.067,-18.146,1.000,70,0.171,0.163,0.370,10,3.000,15.000,12.000,0.103,6,6.700,-0.700,0,107.000,107.000,0.000,111.197,6.294,6.541,0.000
00-0040189,Oronde Gadsden II,TE,LAC,15,0.626,7.599,7.460,-0.386,-6.558,1.000,69,0.144,0.167,0.333,0,0.000,15.000,5.000,0.091,3,4.604,-1.604,0,106.900,106.900,0.000,116.527,7.127,7.768,0.000
00-0038933,Dalton Kincaid,TE,BUF,12,0.374,7.112,6.491,-0.872,-14.829,1.000,49,0.149,0.207,0.369,0,0.000,8.000,4.000,0.042,5,2.975,2.025,0,106.600,106.600,0.000,94.451,8.883,7.871,0.000
00-0039847,Theo Johnson,TE,NYG,15,0.867,7.466,7.900,-0.519,-8.817,1.000,74,0.172,0.166,0.375,0,0.000,14.000,6.000,0.077,5,4.788,0.212,0,105.300,105.300,0.000,104.028,7.020,6.935,0.000
00-0033293,Aaron Jones,RB,MIN,12,0.551,9.482,9.878,-0.349,-5.925,1.000,41,0.141,-0.013,0.203,132,14.000,5.000,6.000,0.130,3,3.548,-0.548,0,104.700,104.700,0.000,107.988,8.725,8.999,0.000
00-0040735,Luther Burden III,WR,CHI,15,0.397,6.145,5.545,-3.387,-57.577,1.000,60,0.131,0.107,0.271,6,0.000,4.000,0.000,0.023,2,1.793,0.207,0,104.400,104.400,0.000,103.159,6.960,6.877,0.000
00-0030061,Zach Ertz,TE,WAS,13,0.665,7.868,8.105,-0.117,-1.984,1.000,72,0.193,0.203,0.431,0,0.000,8.000,5.000,0.053,4,3.518,0.482,0,101.400,101.400,0.000,98.511,7.800,7.578,0.000
00-0038996,Tucker Kraft,TE,GB,8,0.860,9.727,9.002,1.162,19.747,0.667,44,0.190,0.096,0.351,1,0.000,12.000,3.000,0.071,6,3.284,2.716,0,101.200,101.200,0.000,84.904,12.650,10.613,0.000
00-0035250,Devin Singletary,RB,NYG,17,0.276,6.178,6.161,-3.653,-62.098,1.000,19,0.040,-0.006,0.056,119,22.000,2.000,18.000,0.133,5,5.929,-0.929,0,99.800,99.800,0.000,105.373,5.871,6.198,0.000
00-0040668,Shedeur Sanders,QB,CLE,8,0.916,13.595,14.945,-4.779,-81.236,0.667,0,0.000,0.000,0.000,21,1.000,0.000,1.000,0.008,1,0.444,0.556,7,98.900,84.900,14.000,95.565,12.363,11.946,1.750
00-0040170,Elic Ayomanor,WR,TEN,16,0.806,6.910,7.618,-2.621,-44.561,1.000,89,0.185,0.325,0.505,0,0.000,8.000,6.000,0.079,4,4.119,-0.119,0,96.000,96.000,0.000,96.715,6.000,6.045,0.000
00-0037809,Chig Okonkwo,TE,TEN,17,0.637,5.812,5.791,-2.172,-36.929,1.000,79,0.150,0.087,0.286,0,0.000,5.000,3.000,0.050,2,2.541,-0.541,0,96.000,96.000,0.000,99.244,5.647,5.838,0.000
00-0036407,Jerry Jeudy,WR,CLE,17,0.845,7.574,8.592,-1.958,-33.278,1.000,106,0.205,0.354,0.555,1,0.000,9.000,3.000,0.072,2,3.983,-1.983,0,95.700,95.700,0.000,107.595,5.629,6.329,0.000
00-0035659,Terry McLaurin,WR,WAS,10,0.704,9.061,8.737,-0.392,-6.664,0.833,60,0.232,0.371,0.608,0,0.000,8.000,3.000,0.053,3,2.896,0.104,0,95.200,95.200,0.000,94.574,9.520,9.457,0.000
00-0038935,Brenton Strange,TE,JAX,12,0.748,7.624,7.331,-0.361,-6.129,1.000,60,0.156,0.123,0.320,0,0.000,10.000,3.000,0.049,3,3.129,-0.129,0,95.000,95.000,0.000,95.775,7.917,7.981,0.000
00-0039410,Ryan Flournoy,WR,DAL,15,0.448,5.553,5.256,-3.978,-67.634,1.000,56,0.111,0.105,0.240,4,0.000,7.000,5.000,0.036,4,3.124,0.876,0,94.000,94.000,0.000,88.742,6.267,5.916,0.000
00-0036894,Pat Freiermuth,TE,PIT,15,0.504,5.634,5.431,-2.350,-39.948,1.000,54,0.113,0.126,0.257,0,0.000,9.000,4.000,0.055,4,3.191,0.809,0,93.100,93.100,0.000,88.243,6.207,5.883,0.000
00-0033908,Cooper Kupp,WR,SEA,16,0.756,6.384,6.302,-3.147,-53.500,1.000,70,0.160,0.145,0.341,0,0.000,12.000,4.000,0.072,2,3.826,-1.826,0,92.800,92.800,0.000,103.753,5.800,6.485,0.000
00-0038129,Cade Otton,TE,TB,15,0.935,6.843,6.916,-1.141,-19.398,1.000,81,0.174,0.116,0.342,0,0.000,6.000,2.000,0.043,1,2.435,-1.435,0,92.700,92.700,0.000,101.310,6.180,6.754,0.000
00-0038611,Chris Rodriguez Jr.,RB,WAS,12,0.312,7.911,7.882,-1.920,-32.639,1.000,4,0.013,0.003,0.022,112,33.000,1.000,22.000,0.225,6,6.808,-0.808,0,90.500,90.500,0.000,95.346,7.542,7.946,0.000
00-0033555,Mack Hollins,WR,NE,14,0.677,6.508,6.332,-3.024,-51.404,1.000,65,0.162,0.206,0.388,1,0.000,5.000,3.000,0.029,2,2.619,-0.619,0,90.400,90.400,0.000,94.113,6.457,6.722,0.000
00-0040705,Chimere Dike,WR,TEN,17,0.593,6.061,6.397,-3.471,-59.000,1.000,74,0.139,0.149,0.313,11,2.000,14.000,7.000,0.158,4,4.990,-0.990,0,90.100,90.100,0.000,96.043,5.300,5.650,0.000
00-0035228,Kyler Murray,QB,ARI,5,0.988,22.305,25.866,0.642,10.920,0.417,0,0.000,0.000,0.000,29,4.000,0.000,2.000,0.024,1,0.997,0.003,6,89.780,77.780,12.000,89.759,17.956,17.952,2.400
00-0039032,Tyjae Spears,RB,TEN,13,0.459,7.802,7.875,-2.029,-34.492,1.000,50,0.123,-0.049,0.150,72,10.000,7.000,8.000,0.168,2,3.844,-1.844,0,89.200,89.200,0.000,100.265,6.862,7.713,0.000
00-0039894,Xavier Worthy,WR,KC,14,0.706,7.078,7.054,-2.454,-41.713,1.000,73,0.161,0.268,0.428,11,0.000,6.000,2.000,0.032,1,2.766,-1.766,0,88.900,88.900,0.000,99.494,6.350,7.107,0.000
00-0035537,Ty Johnson,RB,BUF,17,0.296,4.789,4.659,-5.041,-85.702,1.000,33,0.068,-0.021,0.088,50,19.000,4.000,12.000,0.121,5,4.305,0.695,0,88.300,88.300,0.000,84.131,5.194,4.949,0.000
00-0039880,Malik Washington,WR,MIA,17,0.570,5.528,5.637,-4.003,-68.059,1.000,65,0.144,0.105,0.290,17,3.000,11.000,8.000,0.100,4,4.670,-0.670,0,87.700,87.700,0.000,91.718,5.159,5.395,0.000
00-0038951,Sean Tucker,RB,TB,17,0.158,4.339,4.547,-5.491,-93.352,1.000,11,0.019,-0.001,0.028,86,21.000,3.000,15.000,0.170,8,5.011,2.989,0,87.400,87.400,0.000,69.465,5.141,4.086,0.000
00-0035229,T.J. Hockenson,TE,MIN,15,0.779,6.359,6.669,-1.626,-27.637,1.000,66,0.159,0.102,0.311,1,1.000,11.000,3.000,0.082,3,3.400,-0.400,0,87.300,87.300,0.000,89.697,5.820,5.980,0.000
00-0038797,Emanuel Wilson,RB,GB,17,0.311,5.475,5.484,-4.355,-74.041,1.000,17,0.037,-0.019,0.043,125,24.000,2.000,9.000,0.154,3,3.982,-0.982,0,87.000,87.000,0.000,92.894,5.118,5.464,0.000
00-0039065,Sam LaPorta,TE,DET,9,0.907,8.409,7.734,0.318,5.412,0.750,49,0.185,0.175,0.399,0,0.000,6.000,3.000,0.032,3,2.367,0.633,0,86.900,86.900,0.000,83.104,9.656,9.234,0.000
00-0037291,Jalen Nailor,WR,MIN,17,0.654,4.733,4.486,-4.798,-81.569,1.000,53,0.117,0.171,0.295,2,0.000,12.000,6.000,0.082,4,3.901,0.099,0,86.200,86.200,0.000,85.608,5.071,5.036,0.000
00-0035689,Dawson Knox,TE,BUF,16,0.583,5.394,5.278,-2.590,-44.036,1.000,49,0.110,0.123,0.252,0,0.000,12.000,7.000,0.063,4,4.478,-0.478,0,85.700,85.700,0.000,88.570,5.356,5.536,0.000
00-0033906,Alvin Kamara,RB,NO,11,0.637,10.160,10.833,0.301,5.123,0.917,39,0.117,0.008,0.180,131,15.000,5.000,8.000,0.163,1,4.082,-3.082,0,84.200,84.200,0.000,102.693,7.655,9.336,0.000
00-0040704,Dillon Gabriel,QB,CLE,10,0.562,7.100,5.940,-11.386,-193.558,0.833,0,0.000,0.000,0.000,14,2.000,0.000,0.000,0.016,0,0.184,-0.184,7,84.080,70.080,14.000,85.181,8.408,8.518,1.400
00-0040719,Bhayshul Tuten,RB,JAX,15,0.211,4.576,4.849,-5.254,-89.324,1.000,14,0.030,0.002,0.046,83,25.000,2.000,9.000,0.133,7,3.674,3.326,0,83.600,83.600,0.000,63.645,5.573,4.243,0.000
00-0039901,Keon Coleman,WR,BUF,12,0.652,6.947,7.097,-2.584,-43.936,1.000,59,0.167,0.228,0.410,0,0.000,9.000,6.000,0.047,4,3.627,0.373,0,83.400,83.400,0.000,81.162,6.950,6.764,0.000
00-0036924,Michael Carter,RB,ARI,13,0.452,7.820,8.018,-2.011,-34.189,1.000,45,0.092,0.015,0.148,92,8.000,7.000,7.000,0.091,1,3.668,-2.668,0,82.500,82.500,0.000,98.509,6.346,7.578,0.000
00-0032950,Carson Wentz,QB,MIN,5,0.932,18.164,19.072,-1.083,-18.409,0.417,0,0.000,0.000,0.000,11,2.000,0.000,1.000,0.014,0,0.489,-0.489,6,82.340,70.340,12.000,85.271,16.468,17.054,2.400
00-0037157,Bam Knight,RB,ARI,12,0.331,7.546,8.100,-2.285,-38.840,1.000,31,0.063,0.010,0.102,82,16.000,6.000,14.000,0.133,5,5.088,-0.088,0,81.900,81.900,0.000,82.425,6.825,6.869,0.000
00-0034791,Nick Chubb,RB,HOU,15,0.322,5.686,5.886,-4.144,-70.454,1.000,20,0.040,0.004,0.062,122,13.000,2.000,6.000,0.094,3,2.972,0.028,0,81.800,81.800,0.000,81.629,5.453,5.442,0.000
00-0037740,Garrett Wilson,WR,NYJ,7,0.870,11.396,12.635,1.088,18.488,0.583,59,0.354,0.563,0.925,0,0.000,4.000,1.000,0.033,4,1.944,2.056,0,81.500,81.500,0.000,69.165,11.643,9.881,0.000
00-0038618,Xavier Hutchinson,WR,HOU,16,0.575,4.947,4.887,-4.585,-77.940,1.000,57,0.112,0.132,0.260,3,1.000,7.000,4.000,0.050,3,2.968,0.032,0,80.500,80.500,0.000,80.310,5.031,5.019,0.000
00-0035535,Darius Slayton,WR,NYG,14,0.813,6.289,6.000,-3.242,-55.115,1.000,63,0.155,0.250,0.407,0,0.000,6.000,5.000,0.033,1,3.116,-2.116,0,80.300,80.300,0.000,92.994,5.736,6.642,0.000
00-0038621,DeMario Douglas,WR,NE,16,0.259,4.558,4.253,-4.973,-84.547,1.000,46,0.098,0.101,0.217,7,1.000,7.000,4.000,0.047,3,2.765,0.235,0,80.300,80.300,0.000,78.888,5.019,4.931,0.000
00-0036898,Davis Mills,QB,HOU,6,0.705,13.190,13.677,-3.787,-64.375,0.500,0,0.000,0.000,0.000,13,2.000,0.000,1.000,0.013,1,0.494,0.506,5,78.600,68.600,10.000,75.565,13.100,12.594,1.667
00-0040237,Tez Johnson,WR,TB,15,0.471,4.091,4.099,-5.440,-92.483,1.000,44,0.092,0.138,0.234,7,2.000,7.000,1.000,0.064,5,2.138,2.862,0,78.400,78.400,0.000,61.226,5.227,4.082,0.000
00-0037197,Isiah Pacheco,RB,KC,13,0.517,7.375,7.706,-2.456,-41.745,1.000,26,0.068,-0.006,0.098,118,20.000,4.000,9.000,0.129,2,4.137,-2.137,0,77.800,77.800,0.000,90.620,5.985,6.971,0.000
00-0033881,Evan Engram,TE,DEN,16,0.421,6.186,6.822,-1.798,-30.574,1.000,76,0.137,0.147,0.308,1,0.000,10.000,0.000,0.061,1,2.456,-1.456,0,77.800,77.800,0.000,86.535,4.862,5.408,0.000
00-0031610,Darren Waller,TE,MIA,9,0.450,6.637,6.758,-1.011,-17.180,0.750,34,0.146,0.221,0.374,1,0.000,7.000,5.000,0.050,6,2.949,3.051,0,76.700,76.700,0.000,58.395,8.522,6.488,0.000
00-0037112,Jake Tonges,TE,SF,10,0.332,6.369,6.285,-1.346,-22.879,0.833,46,0.122,0.079,0.238,0,0.000,7.000,5.000,0.036,5,3.070,1.930,0,76.300,76.300,0.000,64.719,7.630,6.472,0.000
00-0039491,Jalen Coker,WR,CAR,11,0.694,5.587,5.246,-3.615,-61.461,0.917,43,0.154,0.200,0.371,0,0.000,3.000,2.000,0.021,3,1.692,1.308,0,73.900,73.900,0.000,66.052,6.718,6.005,0.000
00-0033307,Kendrick Bourne,WR,SF,14,0.567,5.325,4.832,-4.207,-71.516,1.000,53,0.108,0.148,0.266,0,0.000,2.000,1.000,0.010,0,1.562,-1.562,0,73.600,73.600,0.000,82.974,5.257,5.927,0.000
00-0038619,Andrei Iosivas,WR,CIN,15,0.762,5.146,5.041,-4.386,-74.558,1.000,58,0.102,0.131,0.245,3,0.000,7.000,4.000,0.048,2,2.951,-0.951,0,73.400,73.400,0.000,79.108,4.893,5.274,0.000
00-0039342,Xavier Legette,WR,CAR,15,0.679,5.649,6.191,-3.883,-66.003,1.000,64,0.143,0.197,0.352,1,0.000,12.000,3.000,0.083,3,3.500,-0.500,0,71.800,71.800,0.000,74.798,4.787,4.987,0.000
00-0037801,KaVontae Turpin,WR,DAL,15,0.355,4.043,3.468,-5.488,-93.298,1.000,38,0.069,0.076,0.157,17,0.000,5.000,2.000,0.026,2,1.948,0.052,0,71.500,71.500,0.000,71.191,4.767,4.746,0.000
00-0039890,Adonai Mitchell,WR,NYJ,16,0.506,5.787,6.568,-3.745,-63.663,1.000,74,0.153,0.303,0.442,1,0.000,8.000,2.000,0.066,2,2.984,-0.984,0,71.400,71.400,0.000,77.302,4.463,4.831,0.000
00-0038104,Tyquan Thornton,WR,KC,12,0.390,4.631,4.092,-4.900,-83.308,1.000,37,0.090,0.275,0.328,0,0.000,4.000,2.000,0.022,3,1.697,1.303,0,71.300,71.300,0.000,63.480,5.942,5.290,0.000
00-0040162,Dylan Sampson,RB,CLE,15,0.265,5.140,5.350,-4.691,-79.739,1.000,40,0.087,-0.021,0.115,65,7.000,6.000,3.000,0.104,2,2.359,-0.359,0,71.100,71.100,0.000,73.257,4.740,4.884,0.000
00-0037837,Calvin Austin III,WR,PIT,14,0.535,4.973,5.309,-4.558,-77.493,1.000,55,0.131,0.255,0.375,0,0.000,4.000,1.000,0.024,3,1.861,1.139,0,70.700,70.700,0.000,63.868,5.050,4.562,0.000
00-0039916,Ricky Pearsall,WR,SF,9,0.781,8.480,7.888,-0.788,-13.404,0.750,53,0.180,0.318,0.492,2,0.000,4.000,2.000,0.020,0,2.040,-2.040,0,70.600,70.600,0.000,82.839,7.844,9.204,0.000
00-0031408,Mike Evans,WR,TB,8,0.656,10.419,11.510,0.592,10.062,0.667,62,0.243,0.348,0.609,0,0.000,9.000,5.000,0.064,3,3.481,-0.481,0,69.800,69.800,0.000,72.688,8.725,9.086,0.000
00-0033885,David Njoku,TE,CLE,11,0.639,6.108,6.433,-1.720,-29.243,0.917,48,0.125,0.091,0.251,0,0.000,9.000,3.000,0.072,4,2.836,1.164,0,69.800,69.800,0.000,62.816,6.345,5.711,0.000
00-0040584,Gunnar Helm,TE,TEN,16,0.526,4.757,4.854,-3.227,-54.861,1.000,55,0.107,0.080,0.216,0,0.000,8.000,3.000,0.079,2,2.754,-0.754,0,69.700,69.700,0.000,74.223,4.356,4.639,0.000
00-0028118,Tyrod Taylor,QB,NYJ,6,0.670,11.473,11.711,-4.645,-78.968,0.500,0,0.000,0.000,0.000,27,3.000,0.000,1.000,0.025,1,0.605,0.395,5,69.460,59.460,10.000,67.092,11.577,11.182,1.667
00-0033526,Samaje Perine,RB,CIN,15,0.351,4.839,4.968,-4.992,-84.863,1.000,21,0.041,-0.009,0.056,84,16.000,1.000,8.000,0.116,3,3.135,-0.135,0,69.400,69.400,0.000,70.209,4.627,4.681,0.000
00-0038976,Marvin Mims Jr.,WR,DEN,15,0.369,4.555,4.611,-4.977,-84.602,1.000,51,0.099,0.097,0.217,12,2.000,3.000,1.000,0.030,2,1.798,0.202,0,68.500,68.500,0.000,67.285,4.567,4.486,0.000
00-0040669,Isaac TeSlaa,WR,DET,14,0.396,3.169,2.986,-6.363,-108.167,1.000,27,0.057,0.120,0.170,0,0.000,11.000,3.000,0.058,6,2.599,3.401,0,67.900,67.900,0.000,47.494,4.850,3.392,0.000
00-0040736,Mason Taylor,TE,NYJ,13,0.811,6.653,7.182,-1.331,-22.630,1.000,65,0.172,0.138,0.355,0,0.000,8.000,3.000,0.066,1,2.865,-1.865,0,66.900,66.900,0.000,78.090,5.146,6.007,0.000
00-0033921,Chris Godwin Jr.,WR,TB,9,0.709,8.093,8.126,-1.079,-18.339,0.750,51,0.179,0.157,0.379,0,0.000,7.000,5.000,0.050,2,2.996,-0.996,0,66.500,66.500,0.000,72.477,7.389,8.053,0.000
00-0036309,Darnell Mooney,WR,ATL,15,0.819,5.981,6.556,-3.551,-60.363,1.000,72,0.162,0.280,0.439,0,0.000,8.000,3.000,0.058,1,3.144,-2.144,0,66.300,66.300,0.000,79.164,4.420,5.278,0.000
00-0033858,Jonnu Smith,TE,PIT,17,0.527,4.145,4.420,-3.839,-65.264,1.000,54,0.106,0.066,0.206,9,2.000,7.000,3.000,0.055,3,2.759,0.241,0,66.200,66.200,0.000,64.754,3.894,3.809,0.000
00-0035208,Olamide Zaccheaus,WR,CHI,14,0.536,6.215,6.943,-3.317,-56.387,1.000,65,0.147,0.115,0.301,4,0.000,12.000,3.000,0.069,2,3.538,-1.538,0,65.300,65.300,0.000,74.530,4.664,5.324,0.000
00-0036290,Cole Kmet,TE,CHI,16,0.714,4.123,4.218,-3.861,-65.645,1.000,48,0.096,0.096,0.211,0,0.000,6.000,2.000,0.034,2,2.068,-0.068,0,63.700,63.700,0.000,64.110,3.981,4.007,0.000
00-0032385,Sterling Shepard,WR,TB,13,0.562,5.618,5.738,-3.913,-66.527,1.000,53,0.127,0.134,0.284,4,0.000,7.000,2.000,0.050,1,2.438,-1.438,0,62.500,62.500,0.000,71.129,4.808,5.471,0.000
00-0038393,Dontayvion Wicks,WR,GB,13,0.446,4.758,4.945,-4.773,-81.143,1.000,46,0.128,0.169,0.310,1,0.000,4.000,1.000,0.024,2,1.681,0.319,0,60.800,60.800,0.000,58.887,4.677,4.530,0.000
00-0035100,Jake Browning,QB,CIN,5,0.734,12.536,13.362,-3.428,-58.274,0.417,0,0.000,0.000,0.000,9,2.000,0.000,1.000,0.014,1,0.483,0.517,6,60.740,48.740,12.000,57.638,12.148,11.528,2.400
00-0039798,Isaiah Davis,RB,NYJ,16,0.280,3.478,3.181,-6.352,-107.992,1.000,28,0.063,-0.003,0.092,43,9.000,1.000,1.000,0.083,1,1.127,-0.127,0,60.700,60.700,0.000,61.464,3.794,3.842,0.000
00-0035500,Greg Dortch,WR,ARI,12,0.336,4.039,4.038,-5.493,-93.378,1.000,33,0.068,0.012,0.110,7,3.000,7.000,1.000,0.061,4,1.977,2.023,0,60.600,60.600,0.000,48.465,5.050,4.039,0.000
00-0033955,Jeremy McNichols,RB,WAS,16,0.319,3.728,3.515,-6.103,-103.754,1.000,31,0.078,-0.006,0.113,44,5.000,2.000,3.000,0.046,1,1.601,-0.601,0,60.200,60.200,0.000,63.803,3.763,3.988,0.000
00-0040134,Pat Bryant,WR,DEN,13,0.477,5.403,5.383,-4.128,-70.184,1.000,49,0.110,0.162,0.278,0,0.000,8.000,4.000,0.049,1,2.876,-1.876,0,59.300,59.300,0.000,70.554,4.562,5.427,0.000
00-0033110,Tyler Higbee,TE,LA,10,0.555,5.636,5.536,-1.957,-33.269,0.833,36,0.110,0.066,0.211,0,0.000,8.000,4.000,0.040,3,2.831,0.169,0,58.600,58.600,0.000,57.584,5.860,5.758,0.000
00-0037746,Brian Robinson,RB,SF,17,0.167,3.757,3.816,-6.074,-103.255,1.000,12,0.021,-0.000,0.031,92,13.000,4.000,5.000,0.087,2,2.692,-0.692,0,58.500,58.500,0.000,62.650,3.441,3.685,0.000
00-0038558,Darnell Washington,TE,PIT,13,0.573,5.260,5.199,-2.724,-46.308,1.000,43,0.112,0.119,0.251,0,0.000,8.000,4.000,0.049,1,2.908,-1.908,0,57.900,57.900,0.000,69.351,4.454,5.335,0.000
00-0035644,Noah Fant,TE,CIN,13,0.379,3.944,3.927,-4.040,-68.681,1.000,41,0.092,0.037,0.163,0,0.000,4.000,3.000,0.027,3,1.959,1.041,0,57.800,57.800,0.000,51.552,4.446,3.966,0.000
00-0038128,Malik Willis,QB,GB,4,0.422,9.678,6.683,-3.695,-62.815,0.333,0,0.000,0.000,0.000,22,5.000,0.000,3.000,0.030,2,1.363,0.637,3,57.180,51.180,6.000,53.356,14.295,13.339,1.500
00-0033857,JuJu Smith-Schuster,WR,KC,17,0.572,3.814,3.696,-5.717,-97.196,1.000,45,0.086,0.060,0.171,0,0.000,9.000,3.000,0.048,1,2.714,-1.714,0,57.000,57.000,0.000,67.284,3.353,3.958,0.000
00-0034829,Mike Gesicki,TE,CIN,12,0.385,5.206,5.298,-2.778,-47.232,1.000,42,0.103,0.131,0.247,0,0.000,7.000,4.000,0.048,2,2.737,-0.737,0,56.700,56.700,0.000,61.125,4.725,5.094,0.000
00-0039066,Michael Mayer,TE,LV,13,0.618,5.326,5.620,-2.658,-45.187,1.000,50,0.137,0.131,0.297,0,0.000,6.000,3.000,0.053,1,2.378,-1.378,0,56.300,56.300,0.000,64.571,4.331,4.967,0.000
00-0030564,DeAndre Hopkins,WR,BAL,17,0.330,3.145,3.195,-6.387,-108.574,1.000,39,0.099,0.153,0.255,0,0.000,3.000,1.000,0.017,2,1.401,0.599,0,56.000,56.000,0.000,52.408,3.294,3.083,0.000
00-0029263,Russell Wilson,QB,NYG,6,0.543,10.393,10.057,-5.185,-88.150,0.500,0,0.000,0.000,0.000,18,7.000,0.000,3.000,0.039,0,1.496,-1.496,3,55.840,49.840,6.000,64.815,9.307,10.803,1.000
00-0040667,Matthew Golden,WR,GB,14,0.532,4.320,4.154,-5.211,-88.587,1.000,44,0.124,0.194,0.322,10,2.000,2.000,0.000,0.024,0,1.304,-1.304,0,55.500,55.500,0.000,63.324,3.964,4.523,0.000
00-0036415,Van Jefferson,WR,TEN,14,0.586,4.599,4.884,-4.932,-83.844,1.000,52,0.120,0.200,0.321,0,0.000,3.000,1.000,0.030,1,1.670,-0.670,0,55.500,55.500,0.000,59.523,3.964,4.252,0.000
00-0037614,John Metchie III,WR,NYJ,13,0.461,4.832,5.271,-4.700,-79.896,1.000,48,0.132,0.105,0.271,3,0.000,5.000,2.000,0.041,2,2.071,-0.071,0,55.400,55.400,0.000,55.827,4.262,4.294,0.000
00-0040138,Jaylin Noel,WR,HOU,17,0.260,3.074,2.893,-6.457,-109.773,1.000,35,0.060,0.056,0.130,6,2.000,5.000,3.000,0.044,2,2.103,-0.103,0,55.400,55.400,0.000,56.020,3.259,3.295,0.000
00-0034975,Justice Hill,RB,BAL,10,0.371,3.934,3.771,-4.914,-83.534,0.833,27,0.100,-0.006,0.146,18,3.000,1.000,1.000,0.023,3,0.772,2.228,0,54.700,54.700,0.000,41.332,5.470,4.133,0.000
00-0040727,Tre Harris,WR,LAC,16,0.485,3.671,3.650,-5.860,-99.627,1.000,43,0.091,0.089,0.199,2,1.000,5.000,1.000,0.036,1,1.792,-0.792,0,54.400,54.400,0.000,59.149,3.400,3.697,0.000
00-0039424,Devaughn Vele,WR,NO,9,0.502,5.998,6.045,-2.650,-45.045,0.750,39,0.133,0.180,0.326,0,0.000,4.000,3.000,0.033,2,1.946,0.054,0,53.800,53.800,0.000,53.475,5.978,5.942,0.000
00-0039875,Ray Davis,RB,BUF,17,0.143,3.007,2.817,-6.823,-115.999,1.000,13,0.028,0.004,0.045,58,7.000,4.000,5.000,0.058,2,2.328,-0.328,0,53.100,53.100,0.000,55.068,3.124,3.239,0.000
00-0040648,Tory Horton,WR,SEA,8,0.481,3.985,3.955,-3.698,-62.863,0.667,22,0.106,0.168,0.276,0,0.000,4.000,3.000,0.024,5,1.594,3.406,0,52.600,52.600,0.000,32.163,6.575,4.020,0.000
00-0038555,Tank Bigsby,RB,PHI,15,0.126,3.551,3.239,-6.280,-106.763,1.000,4,0.012,-0.001,0.017,63,18.000,1.000,9.000,0.126,2,3.112,-1.112,0,52.300,52.300,0.000,58.970,3.487,3.931,0.000
00-0038705,Emari Demercado,RB,ARI,12,0.232,4.711,4.328,-5.120,-87.044,1.000,20,0.043,0.005,0.068,44,5.000,4.000,7.000,0.055,1,2.723,-1.723,0,51.800,51.800,0.000,62.138,4.317,5.178,0.000
00-0040202,Devin Neal,RB,NO,9,0.400,5.394,5.525,-3.327,-56.565,0.750,19,0.061,-0.015,0.081,57,5.000,1.000,2.000,0.049,2,1.269,0.731,0,51.500,51.500,0.000,47.113,5.722,5.235,0.000
00-0032211,Tyler Lockett,WR,LV,17,0.500,3.825,4.261,-5.706,-97.004,1.000,55,0.111,0.133,0.260,0,0.000,2.000,2.000,0.018,1,1.812,-0.812,0,51.100,51.100,0.000,55.969,3.006,3.292,0.000
00-0038454,Keaton Mitchell,RB,BAL,13,0.175,3.724,3.428,-6.107,-103.814,1.000,12,0.042,-0.015,0.053,59,14.000,0.000,2.000,0.080,1,1.369,-0.369,0,50.900,50.900,0.000,53.114,3.915,4.086,0.000
00-0040078,Brashard Smith,RB,KC,17,0.167,4.106,4.297,-5.725,-97.318,1.000,35,0.066,-0.021,0.084,44,10.000,7.000,8.000,0.091,1,3.507,-2.507,0,50.800,50.800,0.000,65.844,2.988,3.873,0.000
00-0039074,Davis Allen,TE,LA,15,0.503,3.208,3.181,-4.776,-81.192,1.000,33,0.063,0.027,0.114,0,0.000,7.000,4.000,0.035,3,2.637,0.363,0,50.800,50.800,0.000,48.625,3.387,3.242,0.000
00-0040198,Ollie Gordon II,RB,MIA,17,0.224,3.333,3.622,-6.498,-110.465,1.000,9,0.018,-0.008,0.022,70,19.000,2.000,12.000,0.150,4,4.007,-0.007,0,50.600,50.600,0.000,50.644,2.976,2.979,0.000
00-0037005,Tommy Tremble,TE,CAR,15,0.601,3.464,3.524,-4.521,-76.853,1.000,37,0.091,0.058,0.178,0,0.000,5.000,3.000,0.035,2,2.074,-0.074,0,50.400,50.400,0.000,50.845,3.360,3.390,0.000
00-0038115,Daniel Bellinger,TE,NYG,13,0.499,3.380,3.168,-4.604,-78.272,1.000,26,0.063,0.066,0.141,0,0.000,6.000,1.000,0.033,2,1.536,0.464,0,50.100,50.100,0.000,47.317,3.854,3.640,0.000
00-0037252,Greg Dulcich,TE,MIA,9,0.422,6.027,5.785,-1.468,-24.958,0.750,33,0.154,0.092,0.296,1,1.000,6.000,3.000,0.050,1,2.183,-1.183,0,49.800,49.800,0.000,56.898,5.533,6.322,0.000
00-0038979,Cedric Tillman,WR,CLE,12,0.618,4.161,4.297,-5.371,-91.303,1.000,39,0.105,0.167,0.274,0,0.000,4.000,2.000,0.032,2,1.738,0.262,0,49.500,49.500,0.000,47.928,4.125,3.994,0.000
00-0032392,Austin Hooper,TE,NE,13,0.500,3.391,3.113,-4.593,-78.080,1.000,26,0.071,0.069,0.155,0,0.000,5.000,3.000,0.029,2,1.952,0.048,0,48.800,48.800,0.000,48.512,3.754,3.732,0.000
00-0032464,Kalif Raymond,WR,DET,15,0.366,2.887,2.556,-6.644,-112.947,1.000,30,0.060,0.050,0.125,2,0.000,2.000,1.000,0.011,1,1.098,-0.098,0,48.800,48.800,0.000,49.390,3.253,3.293,0.000
00-0037838,Isaiah Likely,TE,BAL,12,0.559,4.683,4.846,-3.301,-56.123,1.000,36,0.120,0.120,0.264,0,0.000,6.000,2.000,0.034,1,1.935,-0.935,0,48.200,48.200,0.000,53.811,4.017,4.484,0.000
00-0039337,Malik Nabers,WR,NYG,4,0.795,12.216,12.541,0.895,15.214,0.333,35,0.271,0.439,0.713,0,0.000,4.000,3.000,0.022,2,1.863,0.137,0,48.100,48.100,0.000,47.278,12.025,11.819,0.000
00-0035249,Josh Oliver,TE,MIN,12,0.458,2.845,2.857,-5.139,-87.361,1.000,19,0.065,0.037,0.124,0,0.000,6.000,2.000,0.041,4,1.746,2.254,0,47.500,47.500,0.000,33.978,3.958,2.831,0.000
00-0032775,Demarcus Robinson,WR,SF,14,0.468,3.348,3.215,-6.183,-105.118,1.000,35,0.076,0.143,0.213,1,0.000,3.000,1.000,0.015,1,1.325,-0.325,0,47.200,47.200,0.000,49.148,3.371,3.511,0.000
00-0031503,Jameis Winston,QB,NYG,3,0.677,12.213,11.912,-2.138,-36.339,0.250,1,0.010,0.011,0.022,7,2.000,0.000,1.000,0.011,2,0.494,1.506,2,46.780,42.780,4.000,37.742,15.593,12.581,1.333
00-0040737,Terrance Ferguson,TE,LA,11,0.367,3.361,3.263,-4.238,-72.049,0.917,25,0.065,0.117,0.179,1,1.000,3.000,3.000,0.020,3,1.614,1.386,0,46.600,46.600,0.000,38.287,4.236,3.481,0.000
00-0036550,Rashod Bateman,WR,BAL,13,0.693,3.975,4.173,-5.556,-94.455,1.000,38,0.119,0.175,0.301,0,0.000,8.000,3.000,0.046,2,2.440,-0.440,0,45.900,45.900,0.000,48.541,3.531,3.734,0.000
00-0039355,Luke McCaffrey,WR,WAS,9,0.317,2.879,2.284,-4.989,-84.820,0.750,15,0.068,0.100,0.171,0,0.000,2.000,1.000,0.013,3,0.776,2.224,0,45.800,45.800,0.000,32.455,5.089,3.606,0.000
00-0039874,Jaylen Wright,RB,MIA,9,0.215,5.608,5.893,-3.167,-53.845,0.750,9,0.041,-0.031,0.040,70,12.000,0.000,6.000,0.086,2,2.271,-0.271,0,45.700,45.700,0.000,47.324,5.078,5.258,0.000
00-0040782,Isaiah Bond,WR,CLE,15,0.481,3.871,3.865,-5.660,-96.222,1.000,44,0.093,0.214,0.289,5,0.000,4.000,3.000,0.032,0,2.079,-2.079,0,45.700,45.700,0.000,58.176,3.047,3.878,0.000
00-0040194,Jackson Hawes,TE,BUF,13,0.439,2.387,2.181,-5.597,-95.156,1.000,19,0.057,0.049,0.119,0,0.000,3.000,2.000,0.016,3,1.267,1.733,0,44.700,44.700,0.000,34.299,3.438,2.638,0.000
00-0033375,Tim Patrick,WR,JAX,13,0.318,3.041,2.942,-6.490,-110.331,1.000,24,0.062,0.069,0.141,0,0.000,9.000,4.000,0.044,3,2.487,0.513,0,44.200,44.200,0.000,41.122,3.400,3.163,0.000
00-0040131,Kyle Williams,WR,NE,14,0.308,1.909,1.783,-7.622,-129.578,1.000,21,0.050,0.093,0.141,2,0.000,0.000,0.000,0.000,3,0.447,2.553,0,44.200,44.200,0.000,28.880,3.157,2.063,0.000
00-0035993,Tyler Huntley,QB,BAL,5,0.594,9.400,8.998,-4.735,-80.490,0.417,0,0.000,0.000,0.000,24,7.000,0.000,1.000,0.040,0,0.886,-0.886,2,44.140,40.140,4.000,49.455,8.828,9.891,0.800
00-0034775,Christian Kirk,WR,HOU,11,0.486,5.953,6.809,-3.280,-55.762,0.917,52,0.146,0.115,0.299,0,0.000,6.000,4.000,0.037,1,2.680,-1.680,0,43.900,43.900,0.000,53.981,3.991,4.907,0.000
00-0039041,Elijah Higgins,TE,ARI,17,0.425,3.060,2.891,-4.924,-83.706,1.000,37,0.067,0.035,0.124,0,0.000,5.000,3.000,0.030,0,2.074,-2.074,0,43.100,43.100,0.000,55.545,2.535,3.267,0.000
00-0033040,Tyreek Hill,WR,MIA,4,0.685,10.563,10.075,0.344,5.846,0.333,29,0.239,0.471,0.688,0,0.000,2.000,2.000,0.014,1,1.273,-0.273,0,43.000,43.000,0.000,44.640,10.750,11.160,0.000
00-0039373,Audric Estimé,RB,NO,5,0.393,8.971,8.695,-0.358,-6.089,0.417,13,0.073,-0.001,0.109,46,6.000,0.000,5.000,0.049,1,1.741,-0.741,0,42.100,42.100,0.000,46.545,8.420,9.309,0.000
00-0036988,Josh Palmer,WR,BUF,12,0.483,4.391,4.369,-5.140,-87.379,1.000,37,0.102,0.142,0.253,0,0.000,6.000,2.000,0.032,0,1.954,-1.954,0,41.300,41.300,0.000,53.025,3.442,4.419,0.000
00-0037741,Jahan Dotson,WR,PHI,15,0.569,3.042,3.157,-6.489,-110.313,1.000,36,0.083,0.138,0.222,0,0.000,5.000,0.000,0.033,1,1.389,-0.389,0,41.200,41.200,0.000,43.535,2.747,2.902,0.000
00-0035359,David Sills,WR,ATL,12,0.524,3.860,4.226,-5.671,-96.414,1.000,36,0.101,0.141,0.251,0,0.000,6.000,3.000,0.043,2,2.141,-0.141,0,40.100,40.100,0.000,40.948,3.342,3.412,0.000
00-0031236,Brandin Cooks,WR,BUF,13,0.545,3.432,3.399,-6.099,-103.689,1.000,36,0.088,0.188,0.264,0,0.000,1.000,0.000,0.005,0,0.874,-0.874,0,39.900,39.900,0.000,45.144,3.069,3.473,0.000
00-0036626,Dyami Brown,WR,JAX,11,0.366,4.894,5.115,-4.251,-72.272,0.917,37,0.099,0.174,0.270,6,1.000,9.000,4.000,0.049,1,2.860,-1.860,0,39.700,39.700,0.000,50.858,3.609,4.623,0.000
00-0022942,Philip Rivers,QB,IND,3,0.970,15.212,16.832,-1.388,-23.594,0.250,0,0.000,0.000,0.000,2,0.000,0.000,0.000,0.000,0,0.006,-0.006,4,39.660,31.660,8.000,39.694,13.220,13.231,2.667
00-0037563,Malik Davis,RB,DAL,10,0.207,3.596,3.521,-5.196,-88.330,0.833,5,0.014,0.006,0.025,52,8.000,0.000,4.000,0.041,2,1.544,0.456,0,39.600,39.600,0.000,36.866,3.960,3.687,0.000
00-0039356,Ja'Tavion Sanders,TE,CAR,12,0.483,4.489,4.833,-3.496,-59.427,1.000,34,0.092,0.053,0.175,0,0.000,10.000,2.000,0.069,1,2.553,-1.553,0,39.500,39.500,0.000,48.815,3.292,4.068,0.000
00-0038359,Xavier Smith,WR,LA,16,0.214,2.370,2.029,-7.161,-121.742,1.000,24,0.046,0.077,0.122,0,0.000,3.000,0.000,0.015,0,0.883,-0.883,0,39.300,39.300,0.000,44.599,2.456,2.787,0.000
00-0033869,Mitchell Trubisky,QB,BUF,4,0.333,5.838,2.581,-4.975,-84.578,0.333,0,0.000,0.000,0.000,9,0.000,0.000,0.000,0.000,0,0.025,-0.025,4,39.120,31.120,8.000,39.271,9.780,9.818,2.000
00-0039146,Jayden Reed,WR,GB,5,0.411,7.247,6.806,-0.952,-16.182,0.417,22,0.171,0.126,0.344,3,0.000,4.000,0.000,0.024,1,0.989,0.011,0,39.000,39.000,0.000,38.932,7.800,7.786,0.000
00-0034837,Calvin Ridley,WR,TEN,7,0.571,6.830,7.034,-1.576,-26.788,0.583,36,0.168,0.244,0.423,0,0.000,2.000,1.000,0.020,0,1.211,-1.211,0,38.800,38.800,0.000,46.063,5.543,6.580,0.000
00-0040187,Mitchell Evans,TE,CAR,14,0.374,2.617,2.569,-5.367,-91.247,1.000,25,0.064,0.034,0.121,1,0.000,4.000,3.000,0.028,2,1.794,0.206,0,38.700,38.700,0.000,37.462,2.764,2.676,0.000
00-0040234,Quinn Ewers,QB,MIA,4,0.790,10.713,11.061,-3.350,-56.951,0.333,1,0.011,-0.008,0.012,8,0.000,1.000,1.000,0.007,0,0.412,-0.412,3,38.680,32.680,6.000,41.152,9.670,10.288,1.500
00-0034613,Tanner Hudson,TE,CIN,10,0.147,3.850,3.682,-3.445,-58.563,0.833,24,0.064,0.038,0.123,0,0.000,6.000,4.000,0.041,2,2.378,-0.378,0,38.300,38.300,0.000,40.566,3.830,4.057,0.000
00-0033357,Taysom Hill,TE,NO,13,0.246,2.388,1.125,-5.596,-95.134,1.000,16,0.036,0.012,0.062,52,13.000,0.000,8.000,0.106,1,3.140,-2.140,1,38.280,36.280,2.000,51.122,2.945,3.932,0.154
00-0038679,Tyrell Shavers,WR,BUF,11,0.396,2.847,2.584,-6.127,-104.166,0.917,23,0.077,0.123,0.202,0,0.000,0.000,0.000,0.000,1,0.476,0.524,0,38.000,38.000,0.000,34.856,3.455,3.169,0.000
00-0037666,Jalen Tolbert,WR,DAL,12,0.513,3.547,3.732,-5.984,-101.732,1.000,34,0.076,0.119,0.198,0,0.000,4.000,1.000,0.020,1,1.427,-0.427,0,37.300,37.300,0.000,39.860,3.108,3.322,0.000
00-0039144,Luke Musgrave,TE,GB,13,0.401,3.022,2.963,-4.962,-84.355,1.000,31,0.085,0.070,0.177,0,0.000,1.000,0.000,0.006,0,0.504,-0.504,0,37.200,37.200,0.000,40.225,2.862,3.094,0.000
00-0036422,Adam Trautman,TE,DEN,13,0.573,2.192,1.863,-5.793,-98.476,1.000,23,0.048,0.034,0.095,0,0.000,1.000,1.000,0.006,1,0.703,0.297,0,35.500,35.500,0.000,33.720,2.731,2.594,0.000
00-0037805,Jeremy Ruckert,TE,NYJ,14,0.472,2.690,2.690,-5.294,-90.003,1.000,29,0.073,0.029,0.130,0,0.000,3.000,2.000,0.025,1,1.378,-0.378,0,35.400,35.400,0.000,37.666,2.529,2.690,0.000
00-0039792,Devontez Walker,WR,BAL,8,0.247,1.804,1.274,-5.152,-87.579,0.667,8,0.043,0.088,0.125,0,0.000,1.000,1.000,0.006,3,0.502,2.498,0,34.600,34.600,0.000,19.613,4.325,2.452,0.000
00-0039451,Isaiah Williams,WR,NYJ,15,0.361,2.931,3.198,-6.601,-112.214,1.000,36,0.088,0.050,0.166,3,0.000,1.000,0.000,0.008,0,0.892,-0.892,0,33.700,33.700,0.000,39.052,2.247,2.603,0.000
00-0032398,Chris Moore,WR,WAS,10,0.486,3.082,3.024,-5.374,-91.362,0.833,23,0.090,0.137,0.232,1,0.000,2.000,0.000,0.013,1,0.740,0.260,0,33.100,33.100,0.000,31.538,3.310,3.154,0.000
00-0040206,Riley Leonard,QB,IND,5,0.394,4.786,4.492,-6.657,-113.172,0.417,0,0.000,0.000,0.000,6,2.000,0.000,2.000,0.011,2,0.788,1.212,2,33.000,29.000,4.000,25.728,6.600,5.146,0.800
00-0039739,Roman Wilson,WR,PIT,9,0.331,2.939,3.051,-4.944,-84.049,0.750,21,0.077,0.155,0.224,0,0.000,1.000,1.000,0.006,2,0.771,1.229,0,32.600,32.600,0.000,25.227,3.622,2.803,0.000
00-0040398,Brady Cook,QB,NYJ,5,0.980,11.916,16.318,-3.686,-62.670,0.417,0,0.000,0.000,0.000,13,0.000,0.000,0.000,0.000,0,0.036,-0.036,2,32.460,28.460,4.000,32.678,6.492,6.536,0.800
00-0040729,Jack Bech,WR,LV,14,0.398,2.868,2.857,-6.663,-113.275,1.000,29,0.080,0.108,0.195,0,0.000,4.000,1.000,0.035,0,1.323,-1.323,0,32.400,32.400,0.000,40.339,2.314,2.881,0.000
00-0038440,Zavier Scott,RB,MIN,11,0.102,3.020,3.107,-6.243,-106.139,0.917,16,0.044,-0.007,0.060,32,3.000,3.000,1.000,0.041,1,0.974,0.026,0,32.200,32.200,0.000,32.046,2.927,2.913,0.000
00-0036427,Tyler Johnson,WR,NYJ,9,0.410,3.044,2.784,-4.866,-82.714,0.750,18,0.078,0.108,0.193,0,0.000,3.000,0.000,0.025,1,0.759,0.241,0,31.700,31.700,0.000,30.254,3.522,3.362,0.000
00-0038046,Charlie Kolar,TE,BAL,13,0.404,1.907,1.798,-6.077,-103.306,1.000,15,0.046,0.037,0.095,0,0.000,3.000,2.000,0.017,2,1.222,0.778,0,31.200,31.200,0.000,26.533,2.400,2.041,0.000
00-0035645,Gunner Olszewski,WR,NYG,16,0.102,1.397,1.109,-8.134,-138.285,1.000,13,0.026,0.040,0.066,0,0.000,2.000,0.000,0.011,1,0.527,0.473,1,30.820,28.820,2.000,27.980,1.926,1.749,0.125
00-0038551,Kendre Miller,RB,NO,7,0.243,4.324,4.278,-3.212,-54.612,0.583,5,0.021,-0.001,0.031,47,5.000,0.000,2.000,0.041,1,0.976,0.024,0,30.800,30.800,0.000,30.654,4.400,4.379,0.000
00-0037267,Jerome Ford,RB,CLE,13,0.305,3.708,4.042,-6.123,-104.083,1.000,32,0.073,-0.014,0.099,24,4.000,6.000,4.000,0.080,0,2.051,-2.051,0,30.600,30.600,0.000,42.903,2.354,3.300,0.000
00-0038738,Hunter Luepke,RB,DAL,14,0.211,1.973,1.735,-7.858,-133.584,1.000,15,0.033,-0.003,0.048,16,1.000,4.000,2.000,0.026,1,1.198,-0.198,0,30.500,30.500,0.000,31.687,2.179,2.263,0.000
00-0030035,Adam Thielen,WR,PIT,14,0.394,3.057,3.337,-6.474,-110.064,1.000,35,0.077,0.085,0.175,0,0.000,3.000,1.000,0.018,0,1.319,-1.319,0,30.100,30.100,0.000,38.012,2.150,2.715,0.000
00-0036754,Brock Wright,TE,DET,8,0.576,3.229,3.351,-3.170,-53.894,0.667,22,0.088,0.013,0.141,0,0.000,2.000,2.000,0.011,2,1.140,0.860,0,29.800,29.800,0.000,24.640,3.725,3.080,0.000
00-0038794,Jaleel McLaughlin,RB,DEN,8,0.160,3.437,3.297,-4.262,-72.462,0.667,6,0.026,-0.060,-0.004,37,5.000,0.000,2.000,0.030,1,0.911,0.089,0,29.400,29.400,0.000,28.864,3.675,3.608,0.000
00-0040739,Elijah Arroyo,TE,SEA,13,0.395,3.037,3.311,-4.948,-84.110,1.000,26,0.079,0.084,0.177,0,0.000,5.000,3.000,0.030,1,1.952,-0.952,0,29.400,29.400,0.000,35.112,2.262,2.701,0.000
00-0033553,James Conner,RB,ARI,3,0.500,9.719,10.516,-0.028,-0.477,0.250,9,0.099,-0.019,0.135,32,5.000,1.000,4.000,0.036,2,1.489,0.511,0,29.300,29.300,0.000,26.233,9.767,8.744,0.000
00-0040164,Jaylin Lane,WR,WAS,15,0.362,2.608,2.846,-6.924,-117.702,1.000,32,0.083,0.116,0.205,1,0.000,2.000,0.000,0.013,0,0.926,-0.926,0,29.200,29.200,0.000,34.756,1.947,2.317,0.000
00-0039921,Trey Benson,RB,ARI,4,0.483,8.744,8.661,-0.362,-6.161,0.333,16,0.129,-0.027,0.175,29,3.000,2.000,2.000,0.030,0,1.080,-1.080,0,28.900,28.900,0.000,35.380,7.225,8.845,0.000
00-0034983,Hunter Renfrow,WR,CAR,6,0.492,5.751,6.637,-1.890,-32.136,0.500,26,0.130,0.132,0.288,0,0.000,6.000,3.000,0.042,2,1.934,0.066,0,28.400,28.400,0.000,28.006,4.733,4.668,0.000
00-0036637,Noah Gray,TE,KC,14,0.521,2.878,3.221,-5.107,-86.811,1.000,37,0.082,0.060,0.165,0,0.000,2.000,1.000,0.011,0,1.019,-1.019,0,28.300,28.300,0.000,34.412,2.021,2.458,0.000
00-0036849,Tutu Atwell,WR,LA,8,0.279,2.714,2.394,-4.545,-77.266,0.667,15,0.049,0.089,0.136,0,0.000,1.000,0.000,0.005,1,0.439,0.561,0,28.200,28.200,0.000,24.836,3.525,3.104,0.000
00-0035406,Lil'Jordan Humphrey,WR,DEN,7,0.484,4.867,5.105,-2.721,-46.253,0.583,25,0.111,0.150,0.272,0,0.000,4.000,3.000,0.024,1,1.656,-0.656,0,28.100,28.100,0.000,32.036,4.014,4.577,0.000
00-0032104,Ameer Abdullah,RB,IND,13,0.105,2.074,2.060,-7.757,-131.863,1.000,17,0.043,-0.002,0.064,14,3.000,1.000,2.000,0.021,1,0.881,0.119,0,27.900,27.900,0.000,27.184,2.146,2.091,0.000
00-0038839,Mitchell Tinsley,WR,CIN,8,0.246,3.835,4.550,-3.798,-64.559,0.667,24,0.083,0.138,0.221,0,0.000,5.000,1.000,0.034,2,1.349,0.651,0,27.600,27.600,0.000,23.691,3.450,2.961,0.000
00-0039751,Jordan Whittington,WR,LA,15,0.408,2.082,1.988,-7.450,-126.646,1.000,25,0.051,0.038,0.102,3,1.000,1.000,1.000,0.010,0,0.940,-0.940,0,27.300,27.300,0.000,32.938,1.820,2.196,0.000
00-0037231,Kevin Austin Jr.,WR,NO,5,0.443,5.909,6.465,-1.509,-25.659,0.417,23,0.140,0.130,0.301,0,0.000,2.000,1.000,0.016,1,0.941,0.059,0,26.500,26.500,0.000,26.149,5.300,5.230,0.000
00-0037004,Hunter Long,TE,JAX,7,0.399,3.607,3.676,-2.554,-43.410,0.583,17,0.069,0.036,0.128,0,0.000,4.000,3.000,0.020,2,1.692,0.308,0,26.500,26.500,0.000,24.653,3.786,3.522,0.000
00-0026300,Josh Johnson,QB,WAS,3,0.492,7.538,7.344,-3.306,-56.205,0.250,0,0.000,0.000,0.000,12,2.000,0.000,1.000,0.013,1,0.491,0.509,1,26.380,24.380,2.000,23.328,8.793,7.776,0.667
00-0038685,Chris Brooks,RB,GB,17,0.201,1.817,1.769,-8.014,-136.238,1.000,17,0.036,0.002,0.055,27,3.000,3.000,1.000,0.036,0,0.946,-0.946,0,26.200,26.200,0.000,31.877,1.541,1.875,0.000
00-0039405,Jawhar Jordan,RB,HOU,4,0.300,7.907,7.834,-0.641,-10.903,0.333,7,0.056,-0.017,0.072,43,5.000,0.000,2.000,0.031,0,0.964,-0.964,0,26.200,26.200,0.000,31.982,6.550,7.995,0.000
00-0039920,Malachi Corley,WR,CLE,12,0.249,2.047,1.525,-7.485,-127.241,1.000,14,0.050,-0.007,0.070,13,2.000,1.000,2.000,0.024,0,1.018,-1.018,0,26.100,26.100,0.000,32.206,2.175,2.684,0.000
00-0037085,Tyler Badie,RB,DEN,16,0.175,2.300,2.470,-7.530,-128.016,1.000,31,0.053,-0.039,0.053,8,2.000,4.000,2.000,0.037,0,1.265,-1.265,0,25.900,25.900,0.000,33.489,1.619,2.093,0.000
00-0034272,Marquez Valdes-Scantling,WR,PIT,9,0.480,3.986,4.500,-4.159,-70.710,0.750,29,0.083,0.151,0.230,0,0.000,5.000,3.000,0.030,1,1.868,-0.868,0,25.000,25.000,0.000,30.205,2.778,3.356,0.000
00-0036196,Gabe Davis,WR,BUF,6,0.572,5.019,4.591,-2.256,-38.354,0.500,18,0.106,0.174,0.281,0,0.000,6.000,6.000,0.032,1,2.392,-1.392,0,24.900,24.900,0.000,33.252,4.150,5.542,0.000
00-0035631,Drew Sample,TE,CIN,12,0.536,1.794,1.729,-6.190,-105.228,1.000,20,0.049,0.001,0.074,1,0.000,1.000,1.000,0.007,1,0.683,0.317,0,24.400,24.400,0.000,22.496,2.033,1.875,0.000
00-0033891,Zay Jones,WR,ARI,6,0.496,4.387,3.977,-2.572,-43.729,0.500,18,0.085,0.142,0.227,0,0.000,2.000,1.000,0.012,0,0.838,-0.838,0,24.300,24.300,0.000,29.328,4.050,4.888,0.000
00-0036755,Jaret Patterson,RB,LAC,6,0.280,4.232,4.435,-2.800,-47.593,0.500,4,0.018,-0.000,0.026,41,6.000,0.000,2.000,0.036,1,0.950,0.050,0,24.200,24.200,0.000,23.899,4.033,3.983,0.000
00-0033217,Mo Alie-Cox,TE,IND,11,0.391,2.851,3.046,-4.706,-79.994,0.917,20,0.056,0.034,0.109,0,0.000,6.000,2.000,0.032,1,1.757,-0.757,0,24.200,24.200,0.000,28.744,2.200,2.613,0.000
00-0036980,Elijah Moore,WR,BUF,9,0.314,2.409,2.373,-5.342,-90.807,0.750,17,0.068,0.096,0.169,6,1.000,0.000,1.000,0.005,1,0.663,0.337,0,24.100,24.100,0.000,22.080,2.678,2.453,0.000
00-0036887,Luke Farrell,TE,SF,13,0.347,1.619,1.671,-6.365,-108.209,1.000,14,0.032,0.014,0.058,0,0.000,4.000,2.000,0.020,2,1.371,0.629,0,24.000,24.000,0.000,20.225,1.846,1.556,0.000
00-0037742,Treylon Burks,WR,WAS,8,0.601,3.803,3.968,-3.819,-64.921,0.667,22,0.125,0.174,0.310,0,0.000,4.000,4.000,0.026,1,1.802,-0.802,0,24.000,24.000,0.000,28.810,3.000,3.601,0.000
00-0039855,Jalen McMillan,WR,TB,4,0.515,5.754,4.980,-1.259,-21.407,0.333,15,0.108,0.142,0.262,1,1.000,1.000,0.000,0.014,0,0.483,-0.483,0,23.900,23.900,0.000,26.798,5.975,6.700,0.000
00-0040277,Jahdae Walker,WR,CHI,6,0.151,2.636,2.478,-3.448,-58.609,0.500,10,0.052,0.074,0.129,0,0.000,2.000,2.000,0.011,2,0.880,1.120,0,23.700,23.700,0.000,16.981,3.950,2.830,0.000
00-0038720,Julian Hill,TE,MIA,11,0.550,2.522,2.524,-5.007,-85.124,0.917,20,0.067,0.026,0.118,0,0.000,3.000,0.000,0.021,0,0.702,-0.702,0,23.500,23.500,0.000,27.711,2.136,2.519,0.000
00-0031687,Raheem Mostert,RB,LV,12,0.200,2.221,2.049,-7.609,-129.358,1.000,12,0.035,-0.008,0.047,22,4.000,1.000,2.000,0.044,0,0.964,-0.964,0,23.400,23.400,0.000,29.183,1.950,2.432,0.000
00-0040218,Jimmy Horn Jr.,WR,CAR,10,0.192,2.504,2.288,-5.856,-99.558,0.833,15,0.064,0.027,0.114,8,0.000,3.000,0.000,0.021,0,0.745,-0.745,0,23.200,23.200,0.000,27.670,2.320,2.767,0.000
00-0038840,Brycen Tremayne,WR,CAR,15,0.253,1.583,1.459,-7.949,-135.129,1.000,18,0.037,0.059,0.097,0,0.000,1.000,0.000,0.007,0,0.501,-0.501,0,23.000,23.000,0.000,26.008,1.533,1.734,0.000
00-0039912,Ben Sinnott,TE,WAS,9,0.361,2.190,2.122,-4.346,-73.884,0.750,13,0.068,0.063,0.146,0,0.000,1.000,1.000,0.007,1,0.592,0.408,0,22.900,22.900,0.000,20.453,2.544,2.273,0.000
00-0040311,Theo Wease Jr.,WR,MIA,3,0.323,5.482,4.808,-1.012,-17.211,0.250,10,0.131,0.231,0.358,0,0.000,1.000,0.000,0.007,1,0.336,0.664,0,22.900,22.900,0.000,18.915,7.633,6.305,0.000
00-0035243,Miles Sanders,RB,DAL,4,0.215,5.937,5.964,-1.298,-22.063,0.333,8,0.047,-0.008,0.065,20,6.000,1.000,3.000,0.036,1,1.153,-0.153,0,22.700,22.700,0.000,23.618,5.675,5.905,0.000
00-0036165,Isaiah Hodgins,WR,NYG,6,0.763,4.153,4.388,-2.689,-45.715,0.500,19,0.102,0.130,0.244,0,0.000,4.000,1.000,0.022,1,1.116,-0.116,0,22.500,22.500,0.000,23.197,3.750,3.866,0.000
00-0037091,Bo Melton,WR,GB,13,0.104,1.348,1.319,-8.183,-139.114,1.000,13,0.040,0.049,0.095,5,0.000,0.000,0.000,0.000,1,0.299,0.701,0,22.200,22.200,0.000,17.995,1.708,1.384,0.000
00-0036628,John Bates,TE,WAS,10,0.514,2.241,2.254,-4.786,-81.370,0.833,16,0.068,0.029,0.123,0,0.000,2.000,2.000,0.013,1,1.073,-0.073,0,21.800,21.800,0.000,22.240,2.180,2.224,0.000
00-0040009,Savion Williams,WR,GB,12,0.115,1.516,1.345,-8.015,-136.259,1.000,10,0.026,0.004,0.042,11,1.000,4.000,1.000,0.030,1,1.034,-0.034,0,20.500,20.500,0.000,20.704,1.708,1.725,0.000
00-0038547,Luke Schoonmaker,TE,DAL,14,0.329,1.878,2.033,-6.106,-103.802,1.000,23,0.046,0.040,0.097,0,0.000,2.000,0.000,0.010,0,0.575,-0.575,0,20.200,20.200,0.000,23.652,1.443,1.689,0.000
00-0040590,Konata Mumpfield,WR,LA,10,0.322,2.751,3.252,-5.650,-96.052,0.833,23,0.062,0.072,0.143,0,0.000,4.000,1.000,0.020,1,1.199,-0.199,0,20.200,20.200,0.000,21.394,2.020,2.139,0.000
00-0040586,Jaydon Blue,RB,DAL,5,0.256,4.221,4.488,-2.337,-39.734,0.417,1,0.007,-0.005,0.007,38,7.000,0.000,2.000,0.036,1,0.929,0.071,0,19.900,19.900,0.000,19.473,3.980,3.895,0.000
00-0040238,LeQuint Allen Jr.,RB,JAX,16,0.226,1.420,1.325,-8.411,-142.990,1.000,11,0.021,-0.004,0.029,23,4.000,2.000,1.000,0.030,0,0.794,-0.794,0,19.800,19.800,0.000,24.564,1.238,1.535,0.000
00-0039796,Rasheen Ali,RB,BAL,15,0.130,0.926,0.838,-8.905,-151.383,1.000,11,0.037,0.000,0.055,7,2.000,1.000,0.000,0.017,1,0.299,0.701,0,19.700,19.700,0.000,15.495,1.313,1.033,0.000
00-0039530,Brevyn Spann-Ford,TE,DAL,16,0.249,1.159,1.099,-6.825,-116.023,1.000,13,0.025,0.026,0.056,0,0.000,2.000,2.000,0.010,1,1.040,-0.040,0,19.500,19.500,0.000,19.740,1.219,1.234,0.000
00-0037306,John FitzPatrick,TE,GB,11,0.361,2.150,2.183,-5.348,-90.912,0.917,15,0.050,0.015,0.086,0,0.000,4.000,3.000,0.024,1,1.670,-0.670,0,19.200,19.200,0.000,23.219,1.745,2.111,0.000
00-0033854,Dare Ogunbowale,RB,HOU,14,0.112,1.805,1.879,-8.026,-136.438,1.000,13,0.031,0.012,0.054,11,6.000,3.000,5.000,0.056,1,1.817,-0.817,0,19.100,19.100,0.000,24.001,1.364,1.714,0.000
00-0034771,Mason Rudolph,QB,PIT,5,0.338,3.483,2.826,-7.200,-122.402,0.417,0,0.000,0.000,0.000,7,1.000,0.000,1.000,0.006,0,0.405,-0.405,2,19.000,15.000,4.000,21.431,3.800,4.286,0.800
00-0040466,Raheim Sanders,RB,CLE,4,0.258,5.950,6.299,-1.293,-21.989,0.333,4,0.043,0.026,0.082,27,7.000,0.000,5.000,0.056,1,1.550,-0.550,0,18.800,18.800,0.000,22.099,4.700,5.525,0.000
00-0040581,Dont'e Thornton Jr.,WR,LV,11,0.453,2.964,3.622,-6.020,-102.336,0.917,30,0.099,0.249,0.323,0,0.000,2.000,0.000,0.018,0,0.879,-0.879,0,18.500,18.500,0.000,23.771,1.682,2.161,0.000
00-0037086,Grant Calcaterra,TE,PHI,9,0.403,2.164,2.337,-4.365,-74.212,0.750,13,0.055,0.039,0.109,0,0.000,3.000,1.000,0.020,1,0.912,0.088,0,18.100,18.100,0.000,17.572,2.011,1.952,0.000
00-0034521,Allen Lazard,WR,NYJ,9,0.390,2.883,3.073,-4.986,-84.769,0.750,18,0.063,0.057,0.135,0,0.000,6.000,4.000,0.050,1,1.976,-0.976,0,18.000,18.000,0.000,23.859,2.000,2.651,0.000
00-0034365,Ian Thomas,TE,LV,9,0.359,1.746,1.468,-4.679,-79.543,0.750,13,0.043,0.024,0.082,0,0.000,0.000,0.000,0.000,0,0.144,-0.144,0,17.900,17.900,0.000,18.766,1.989,2.085,0.000
00-0033282,Curtis Samuel,WR,BUF,6,0.398,2.134,1.871,-3.699,-62.875,0.500,9,0.054,0.086,0.141,0,0.000,1.000,1.000,0.005,1,0.523,0.477,0,17.600,17.600,0.000,14.737,2.933,2.456,0.000
00-0033943,Josh Reynolds,WR,NYJ,5,0.842,4.988,5.432,-1.893,-32.184,0.417,21,0.157,0.215,0.386,0,0.000,1.000,1.000,0.008,0,0.771,-0.771,0,17.600,17.600,0.000,22.227,3.520,4.445,0.000
00-0035021,Ashton Dulin,WR,IND,12,0.213,1.298,0.992,-8.233,-139.964,1.000,10,0.027,0.048,0.074,3,2.000,1.000,0.000,0.016,0,0.429,-0.429,0,17.500,17.500,0.000,20.076,1.458,1.673,0.000
00-0035891,Cody White,WR,SEA,8,0.000,0.982,0.660,-5.700,-96.895,0.667,4,0.020,0.029,0.050,0,0.000,0.000,0.000,0.000,1,0.083,0.917,0,16.500,16.500,0.000,10.997,2.062,1.375,0.000
00-0036328,Antonio Gibson,RB,NE,5,0.166,3.297,3.571,-2.722,-46.277,0.417,3,0.020,-0.009,0.024,25,4.000,0.000,2.000,0.023,1,0.769,0.231,0,16.200,16.200,0.000,14.815,3.240,2.963,0.000
00-0038400,Tanner McKee,QB,PHI,4,0.345,2.473,1.244,-6.097,-103.647,0.333,0,0.000,0.000,0.000,8,0.000,0.000,0.000,0.000,0,0.022,-0.022,1,15.760,13.760,2.000,15.894,3.940,3.974,0.500
00-0039379,Jamari Thrash,WR,CLE,8,0.351,2.346,2.390,-4.790,-81.434,0.667,15,0.058,0.077,0.140,0,0.000,1.000,0.000,0.008,0,0.439,-0.439,0,15.700,15.700,0.000,18.336,1.962,2.292,0.000
00-0039589,Kameron Johnson,WR,TB,17,0.097,0.527,0.445,-9.005,-153.080,1.000,7,0.015,0.019,0.036,2,0.000,0.000,0.000,0.000,1,0.157,0.843,0,15.700,15.700,0.000,10.642,0.924,0.626,0.000
00-0033246,Johnny Mundt,TE,JAX,12,0.358,1.699,1.874,-6.285,-106.846,1.000,19,0.051,0.031,0.098,0,0.000,1.000,0.000,0.005,0,0.371,-0.371,0,15.600,15.600,0.000,17.826,1.300,1.485,0.000
00-0034159,Will Dissly,TE,LAC,8,0.319,2.261,2.349,-3.816,-64.867,0.667,16,0.061,0.026,0.109,0,0.000,1.000,0.000,0.006,0,0.338,-0.338,0,15.200,15.200,0.000,17.226,1.900,2.153,0.000
00-0034860,Dante Pettis,WR,NO,8,0.222,1.860,1.688,-5.114,-86.937,0.667,11,0.042,0.042,0.093,0,0.000,0.000,0.000,0.000,0,0.228,-0.228,0,15.200,15.200,0.000,16.566,1.900,2.071,0.000
00-0040563,Efton Chism III,WR,NE,8,0.179,0.879,0.432,-5.769,-98.065,0.667,3,0.016,0.018,0.037,0,0.000,1.000,1.000,0.006,1,0.399,0.601,0,15.000,15.000,0.000,11.392,1.875,1.424,0.000
00-0039623,Mason Tipton,WR,NO,8,0.302,2.629,2.868,-4.601,-78.223,0.667,17,0.054,0.057,0.121,4,0.000,2.000,0.000,0.016,0,0.634,-0.634,0,14.900,14.900,0.000,18.701,1.863,2.338,0.000
00-0036862,Ben Skowronek,WR,PIT,16,0.154,0.507,0.389,-9.024,-153.414,1.000,6,0.014,0.027,0.039,0,0.000,1.000,0.000,0.006,1,0.253,0.747,0,14.900,14.900,0.000,10.418,0.931,0.651,0.000
00-0039757,Terrell Jennings,RB,NE,6,0.083,2.327,2.441,-3.752,-63.784,0.500,1,0.006,0.001,0.010,23,4.000,0.000,2.000,0.023,1,0.737,0.263,0,14.700,14.700,0.000,13.122,2.450,2.187,0.000
00-0036590,Quintin Morris,TE,JAX,11,0.233,1.212,1.255,-6.208,-105.537,0.917,9,0.032,0.018,0.060,0,0.000,2.000,1.000,0.010,1,0.708,0.292,0,14.500,14.500,0.000,12.746,1.318,1.159,0.000
00-0036182,Nick Westbrook-Ikhine,WR,MIA,13,0.442,1.720,1.889,-7.811,-132.795,1.000,20,0.052,0.046,0.109,0,0.000,2.000,1.000,0.014,0,0.879,-0.879,0,14.400,14.400,0.000,19.676,1.108,1.514,0.000
00-0039794,Braelon Allen,RB,NYJ,4,0.233,4.871,5.043,-1.653,-28.103,0.333,3,0.026,0.012,0.048,18,6.000,2.000,5.000,0.066,1,1.724,-0.724,0,14.300,14.300,0.000,18.646,3.575,4.661,0.000
00-0038891,Shedrick Jackson,WR,LV,3,0.090,2.521,2.249,-1.753,-29.796,0.250,5,0.060,0.140,0.189,1,0.000,0.000,0.000,0.000,1,0.110,0.890,0,13.900,13.900,0.000,8.557,4.633,2.852,0.000
00-0039359,Cade Stover,TE,HOU,6,0.440,3.904,3.882,-2.040,-34.680,0.500,16,0.093,0.022,0.155,4,3.000,3.000,3.000,0.037,0,1.615,-1.615,0,13.900,13.900,0.000,23.588,2.317,3.931,0.000
00-0039299,George Holani,RB,SEA,10,0.055,1.237,1.345,-7.162,-121.751,0.833,2,0.010,-0.001,0.015,22,5.000,0.000,1.000,0.030,1,0.540,0.460,0,13.800,13.800,0.000,11.041,1.380,1.104,0.000
00-0038783,Nate Adkins,TE,DEN,6,0.328,2.308,2.536,-2.838,-48.249,0.500,11,0.049,0.026,0.092,0,0.000,2.000,1.000,0.012,1,0.730,0.270,0,13.800,13.800,0.000,12.179,2.300,2.030,0.000
00-0034270,Tyler Conklin,TE,LAC,6,0.192,2.041,1.728,-2.972,-50.518,0.500,10,0.047,0.035,0.094,1,0.000,0.000,0.000,0.000,0,0.124,-0.124,0,13.800,13.800,0.000,14.542,2.300,2.424,0.000
00-0040024,Darius Cooper,WR,PHI,6,0.258,2.424,2.352,-3.554,-60.415,0.500,11,0.064,0.068,0.144,0,0.000,0.000,0.000,0.000,0,0.228,-0.228,0,13.700,13.700,0.000,15.066,2.283,2.511,0.000
00-0037348,Tanner Conner,TE,MIA,8,0.343,2.682,2.912,-3.535,-60.097,0.667,15,0.060,0.061,0.133,0,0.000,3.000,1.000,0.021,0,0.934,-0.934,0,13.600,13.600,0.000,19.205,1.700,2.401,0.000
00-0040184,KeAndre Lambert-Smith,WR,LAC,10,0.188,1.385,1.648,-6.788,-115.403,0.833,12,0.036,0.067,0.100,0,0.000,2.000,0.000,0.012,1,0.506,0.494,0,13.600,13.600,0.000,10.636,1.360,1.064,0.000
00-0036741,Jack Stoll,TE,NO,9,0.209,1.247,1.423,-5.053,-85.899,0.750,11,0.035,0.008,0.058,0,0.000,1.000,0.000,0.008,1,0.282,0.718,0,13.600,13.600,0.000,9.293,1.511,1.033,0.000
00-0037012,Trey Lance,QB,LAC,4,0.378,6.192,8.430,-4.857,-82.573,0.333,0,0.000,0.000,0.000,17,0.000,0.000,0.000,0.000,0,0.047,-0.047,0,13.540,13.540,0.000,13.825,3.385,3.456,0.000
00-0037324,Chris Oladokun,QB,KC,3,0.747,8.911,12.460,-2.963,-50.373,0.250,0,0.000,0.000,0.000,5,1.000,0.000,0.000,0.005,0,0.086,-0.086,1,13.200,11.200,2.000,13.717,4.400,4.572,0.667
00-0035291,Trayveon Williams,RB,CLE,6,0.207,2.398,2.289,-3.717,-63.182,0.500,9,0.058,-0.055,0.049,10,0.000,2.000,0.000,0.016,0,0.347,-0.347,0,13.100,13.100,0.000,15.183,2.183,2.531,0.000
00-0039746,Will Shipley,RB,PHI,14,0.125,1.138,1.203,-8.692,-147.772,1.000,12,0.029,-0.002,0.042,14,0.000,1.000,0.000,0.007,0,0.305,-0.305,0,13.000,13.000,0.000,14.831,0.929,1.059,0.000
00-0036630,Tylan Wallace,WR,BAL,11,0.231,0.943,0.950,-7.872,-133.829,0.917,8,0.028,0.046,0.074,0,0.000,2.000,1.000,0.011,1,0.631,0.369,0,12.500,12.500,0.000,10.286,1.136,0.935,0.000
00-0039394,Casey Washington,WR,ATL,5,0.370,3.203,3.509,-2.637,-44.829,0.417,14,0.082,0.186,0.254,0,0.000,0.000,0.000,0.000,0,0.290,-0.290,0,12.400,12.400,0.000,14.139,2.480,2.828,0.000
00-0039398,Joe Milton III,QB,DAL,4,0.210,3.014,2.470,-5.916,-100.579,0.333,0,0.000,0.000,0.000,5,1.000,0.000,1.000,0.005,0,0.400,-0.400,1,12.320,10.320,2.000,14.717,3.080,3.679,0.500
00-0038090,Skyy Moore,WR,SF,17,0.101,0.586,0.428,-8.946,-152.077,1.000,7,0.013,0.022,0.036,2,0.000,0.000,0.000,0.000,0,0.157,-0.157,0,12.300,12.300,0.000,13.242,0.724,0.779,0.000
00-0038589,Josh Whyle,TE,GB,6,0.399,1.495,1.466,-3.244,-55.156,0.500,6,0.051,0.005,0.080,0,0.000,1.000,1.000,0.006,1,0.514,0.486,0,12.100,12.100,0.000,9.187,2.017,1.531,0.000
00-0038465,Malik Heath,WR,GB,7,0.302,1.388,1.066,-4.751,-80.759,0.583,7,0.031,0.028,0.065,0,0.000,0.000,0.000,0.000,0,0.145,-0.145,0,11.600,11.600,0.000,12.469,1.657,1.781,0.000
00-0027973,Andy Dalton,QB,CAR,4,0.380,2.590,2.336,-6.058,-102.981,0.333,0,0.000,0.000,0.000,5,0.000,0.000,0.000,0.000,0,0.014,-0.014,1,11.520,9.520,2.000,11.604,2.880,2.901,0.500
00-0036959,Michael Bandy,WR,DEN,4,0.062,1.554,1.542,-2.659,-45.207,0.333,4,0.029,0.022,0.059,0,0.000,1.000,0.000,0.006,1,0.212,0.788,0,11.000,11.000,0.000,6.270,2.750,1.567,0.000
00-0039648,David Martin-Robinson,TE,TEN,11,0.127,0.723,0.713,-6.656,-113.160,0.917,6,0.017,0.012,0.034,0,0.000,1.000,1.000,0.010,1,0.514,0.486,0,11.000,11.000,0.000,8.087,1.000,0.735,0.000
00-0033591,Noah Brown,WR,WAS,4,0.410,3.525,3.629,-2.002,-34.038,0.333,10,0.091,0.161,0.250,0,0.000,2.000,0.000,0.013,0,0.465,-0.465,0,10.800,10.800,0.000,13.587,2.700,3.397,0.000
00-0035298,Scott Miller,WR,PIT,5,0.193,3.511,4.095,-2.509,-42.646,0.417,14,0.078,0.076,0.170,0,0.000,2.000,0.000,0.012,0,0.547,-0.547,0,10.700,10.700,0.000,13.984,2.140,2.797,0.000
00-0037292,Andrew Ogletree,TE,IND,11,0.237,0.854,0.902,-6.536,-111.120,0.917,6,0.018,0.016,0.038,0,0.000,2.000,1.000,0.011,1,0.674,0.326,0,10.700,10.700,0.000,8.746,0.973,0.795,0.000
00-0033699,Austin Ekeler,RB,WAS,2,0.495,6.630,7.183,-0.533,-9.069,0.167,7,0.102,0.022,0.168,14,2.000,0.000,0.000,0.013,0,0.218,-0.218,0,10.600,10.600,0.000,11.910,5.300,5.955,0.000
00-0038824,Ryan Miller,WR,TB,9,0.145,0.574,0.529,-6.718,-114.202,0.750,4,0.013,0.026,0.037,0,0.000,1.000,0.000,0.007,1,0.212,0.788,0,10.400,10.400,0.000,5.670,1.156,0.630,0.000
00-0034407,Ray-Ray McCloud,WR,NYG,6,0.530,2.727,3.180,-3.402,-57.841,0.500,15,0.074,0.062,0.154,0,0.000,1.000,0.000,0.006,0,0.439,-0.439,0,10.400,10.400,0.000,13.036,1.733,2.173,0.000
00-0039521,Xavier Weaver,WR,ARI,7,0.410,2.300,2.530,-4.218,-71.713,0.583,13,0.046,0.088,0.131,0,0.000,3.000,0.000,0.018,0,0.655,-0.655,0,10.200,10.200,0.000,14.133,1.457,2.019,0.000
00-0040644,Trevor Etienne,RB,CAR,17,0.056,0.881,0.835,-8.949,-152.137,1.000,3,0.006,0.001,0.010,20,4.000,0.000,3.000,0.028,0,0.958,-0.958,0,10.200,10.200,0.000,15.946,0.600,0.938,0.000
00-0036893,Najee Harris,RB,LAC,3,0.217,3.473,3.292,-1.589,-27.020,0.250,3,0.034,0.012,0.060,15,1.000,0.000,0.000,0.006,0,0.164,-0.164,0,10.100,10.100,0.000,11.082,3.367,3.694,0.000
00-0040582,Arian Smith,WR,NYJ,13,0.383,1.161,1.347,-8.371,-142.300,1.000,16,0.045,0.091,0.131,4,0.000,0.000,0.000,0.000,0,0.355,-0.355,0,10.000,10.000,0.000,12.132,0.769,0.933,0.000
00-0040021,Phil Mafah,RB,DAL,1,0.180,5.924,6.076,-0.326,-5.534,0.083,2,0.087,-0.062,0.087,5,1.000,0.000,1.000,0.005,1,0.307,0.693,0,9.900,9.900,0.000,5.740,9.900,5.740,0.000
00-0038102,Kenny Pickett,QB,LV,6,0.285,0.735,0.000,-10.014,-170.237,0.500,0,0.000,0.000,0.000,5,0.000,0.000,0.000,0.000,0,0.014,-0.014,1,9.720,7.720,2.000,9.804,1.620,1.634,0.333
00-0037329,Brittain Brown,RB,CHI,2,0.067,1.725,1.510,-1.351,-22.967,0.167,1,0.015,0.007,0.027,5,0.000,0.000,0.000,0.000,1,0.046,0.954,0,9.700,9.700,0.000,3.973,4.850,1.987,0.000
00-0040179,DJ Giddens,RB,IND,5,0.120,3.348,3.600,-2.701,-45.921,0.417,2,0.013,-0.004,0.016,26,5.000,1.000,2.000,0.032,0,0.933,-0.933,0,9.600,9.600,0.000,15.199,1.920,3.040,0.000
00-0036332,Josiah Deguara,TE,ARI,7,0.104,0.970,0.990,-4.092,-69.556,0.583,5,0.021,0.011,0.040,0,0.000,1.000,1.000,0.006,1,0.503,0.497,0,9.600,9.600,0.000,6.620,1.371,0.946,0.000
00-0036133,James Proche,WR,TEN,6,0.299,2.192,2.487,-3.670,-62.385,0.500,12,0.060,0.107,0.165,0,0.000,0.000,0.000,0.000,0,0.248,-0.248,0,9.500,9.500,0.000,10.990,1.583,1.832,0.000
00-0034981,Foster Moreau,TE,NO,7,0.357,1.663,1.736,-3.687,-62.682,0.583,10,0.047,0.010,0.077,0,0.000,1.000,0.000,0.008,0,0.271,-0.271,0,9.400,9.400,0.000,11.026,1.343,1.575,0.000
00-0038647,Ronnie Bell,WR,NO,2,0.285,3.076,3.407,-1.076,-18.291,0.167,4,0.059,0.139,0.185,0,0.000,2.000,0.000,0.016,1,0.340,0.660,0,9.300,9.300,0.000,5.342,4.650,2.671,0.000
00-0033455,Anthony Firkser,TE,DET,5,0.397,2.915,3.198,-2.112,-35.908,0.417,10,0.053,0.024,0.096,0,0.000,3.000,0.000,0.016,0,0.591,-0.591,0,9.300,9.300,0.000,12.845,1.860,2.569,0.000
00-0036414,Cam Akers,RB,SEA,4,0.025,1.424,0.655,-2.802,-47.641,0.333,1,0.010,-0.008,0.010,5,0.000,0.000,0.000,0.000,0,0.046,-0.046,1,9.180,7.180,2.000,9.453,2.295,2.363,0.500
00-0040259,Gage Larvadain,WR,CLE,13,0.236,1.063,1.261,-8.468,-143.961,1.000,14,0.034,0.043,0.082,1,0.000,0.000,0.000,0.000,0,0.296,-0.296,0,8.900,8.900,0.000,10.675,0.685,0.821,0.000
00-0036429,Charlie Woerner,TE,ATL,7,0.508,1.531,1.573,-3.764,-63.996,0.583,9,0.046,0.006,0.073,0,0.000,1.000,0.000,0.007,0,0.260,-0.260,0,8.800,8.800,0.000,10.359,1.257,1.480,0.000
00-0037475,Stone Smartt,TE,NYJ,6,0.099,1.609,1.657,-3.188,-54.193,0.500,9,0.045,0.037,0.094,0,0.000,0.000,0.000,0.000,0,0.100,-0.100,0,8.700,8.700,0.000,9.300,1.450,1.550,0.000
00-0040556,Corey Kiner,RB,ARI,4,0.133,2.692,2.594,-2.380,-40.452,0.333,3,0.027,0.011,0.048,12,2.000,1.000,1.000,0.018,0,0.492,-0.492,0,8.300,8.300,0.000,11.249,2.075,2.812,0.000
00-0040142,Kaleb Johnson,RB,PIT,10,0.091,1.256,1.441,-7.146,-121.480,0.833,2,0.007,-0.009,0.005,28,4.000,0.000,0.000,0.024,0,0.332,-0.332,0,8.300,8.300,0.000,10.292,0.830,1.029,0.000
00-0037617,Hassan Haskins,RB,LAC,11,0.100,0.898,0.943,-8.188,-139.198,0.917,4,0.009,0.001,0.013,17,2.000,0.000,0.000,0.012,0,0.214,-0.214,0,8.000,8.000,0.000,9.285,0.727,0.844,0.000
00-0039603,British Brooks,RB,HOU,8,0.067,1.297,1.174,-5.689,-96.716,0.667,0,0.000,0.000,0.000,17,2.000,0.000,2.000,0.013,0,0.630,-0.630,0,7.800,7.800,0.000,11.579,0.975,1.447,0.000
00-0032688,Robbie Chosen,WR,WAS,3,0.377,3.522,3.972,-1.502,-25.540,0.250,9,0.115,0.152,0.279,0,0.000,0.000,0.000,0.000,0,0.186,-0.186,0,7.800,7.800,0.000,8.918,2.600,2.973,0.000
00-0038953,Dylan Drummond,WR,ATL,6,0.211,2.556,2.924,-3.488,-59.293,0.500,11,0.071,0.084,0.165,0,0.000,3.000,1.000,0.022,0,0.822,-0.822,0,7.700,7.700,0.000,12.631,1.283,2.105,0.000
00-0036265,AJ Dillon,RB,PHI,6,0.119,1.709,1.636,-4.061,-69.032,0.500,3,0.015,0.006,0.027,12,2.000,1.000,1.000,0.020,0,0.532,-0.532,0,7.600,7.600,0.000,10.794,1.267,1.799,0.000
00-0038040,Zamir White,RB,LV,5,0.158,1.978,2.214,-3.272,-55.625,0.417,6,0.036,-0.003,0.053,12,0.000,0.000,0.000,0.000,0,0.141,-0.141,0,7.600,7.600,0.000,8.444,1.520,1.689,0.000
00-0036876,Kylen Granson,TE,PHI,12,0.234,0.862,0.950,-7.122,-121.079,1.000,9,0.027,0.016,0.051,0,0.000,1.000,0.000,0.007,0,0.260,-0.260,0,7.500,7.500,0.000,9.059,0.625,0.755,0.000
00-0037276,Ty Chandler,RB,MIN,3,0.223,4.705,5.134,-1.281,-21.784,0.250,4,0.044,-0.034,0.043,17,1.000,2.000,2.000,0.021,0,0.873,-0.873,0,7.300,7.300,0.000,12.541,2.433,4.180,0.000
00-0033576,Eric Saubert,TE,SEA,9,0.395,1.353,1.511,-4.973,-84.544,0.750,7,0.030,0.020,0.059,0,0.000,3.000,0.000,0.018,0,0.557,-0.557,0,7.100,7.100,0.000,10.445,0.789,1.161,0.000
00-0039754,Devin Culp,TE,TB,4,0.065,0.813,0.690,-2.390,-40.637,0.333,1,0.008,0.004,0.015,0,0.000,1.000,1.000,0.007,1,0.459,0.541,0,7.100,7.100,0.000,3.853,1.775,0.963,0.000
00-0034418,Cedrick Wilson Jr.,WR,MIA,6,0.355,2.228,2.302,-3.652,-62.077,0.500,9,0.062,0.063,0.137,0,0.000,3.000,2.000,0.021,0,0.988,-0.988,0,6.900,6.900,0.000,12.829,1.150,2.138,0.000
00-0039458,Brenden Bates,TE,CLE,5,0.270,1.749,1.573,-2.598,-44.165,0.417,5,0.039,0.036,0.083,0,0.000,1.000,1.000,0.008,0,0.503,-0.503,0,6.800,6.800,0.000,9.820,1.360,1.964,0.000
00-0034419,Braxton Berrios,WR,HOU,4,0.192,2.710,3.037,-2.274,-38.655,0.333,8,0.049,0.018,0.086,0,0.000,2.000,0.000,0.013,0,0.423,-0.423,0,6.700,6.700,0.000,9.239,1.675,2.310,0.000
00-0036620,Dee Eskridge,WR,MIA,11,0.118,0.693,0.734,-8.102,-137.731,0.917,7,0.020,0.039,0.057,0,0.000,0.000,0.000,0.000,0,0.145,-0.145,0,6.200,6.200,0.000,7.069,0.564,0.643,0.000
00-0036841,Austin Trammell,WR,JAX,6,0.227,1.898,2.344,-3.817,-64.888,0.500,10,0.067,0.101,0.170,0,0.000,1.000,0.000,0.005,0,0.336,-0.336,0,6.100,6.100,0.000,8.115,1.017,1.352,0.000
00-0036906,Khalil Herbert,RB,NYJ,5,0.136,2.331,2.693,-3.125,-53.126,0.417,4,0.031,-0.024,0.029,16,3.000,1.000,1.000,0.033,0,0.557,-0.557,0,6.100,6.100,0.000,9.441,1.220,1.888,0.000
00-0036423,Albert Okwuegbunam,TE,LV,1,0.460,7.962,8.374,-0.002,-0.031,0.083,6,0.167,0.074,0.302,0,0.000,1.000,0.000,0.009,0,0.227,-0.227,0,6.100,6.100,0.000,7.459,6.100,7.459,0.000
00-0038938,Jalin Hyatt,WR,NYG,6,0.294,2.380,3.167,-3.575,-60.783,0.500,14,0.078,0.164,0.231,0,0.000,1.000,0.000,0.006,0,0.419,-0.419,0,6.000,6.000,0.000,8.511,1.000,1.419,0.000
00-0040208,Tahj Brooks,RB,CIN,12,0.045,0.574,0.586,-9.257,-157.366,1.000,2,0.005,-0.001,0.007,16,0.000,0.000,0.000,0.000,0,0.135,-0.135,0,5.900,5.900,0.000,6.711,0.492,0.559,0.000
00-0038397,Evan Hull,RB,NO,6,0.192,1.397,1.548,-4.217,-71.685,0.500,1,0.008,-0.004,0.010,19,3.000,0.000,0.000,0.024,0,0.230,-0.230,0,5.900,5.900,0.000,7.279,0.983,1.213,0.000
00-0036176,Mason Kinsey,WR,TEN,6,0.109,0.889,0.758,-4.321,-73.458,0.500,4,0.019,0.051,0.064,0,0.000,0.000,0.000,0.000,0,0.083,-0.083,0,5.800,5.800,0.000,6.297,0.967,1.049,0.000
00-0037093,Dareke Young,WR,SEA,8,0.094,0.561,0.389,-5.980,-101.661,0.667,3,0.015,0.033,0.045,0,0.000,0.000,0.000,0.000,0,0.062,-0.062,0,5.800,5.800,0.000,6.173,0.725,0.772,0.000
00-0040522,Xavier Restrepo,WR,TEN,2,0.220,4.421,5.075,-0.852,-14.481,0.167,7,0.093,0.193,0.275,0,0.000,1.000,0.000,0.010,0,0.274,-0.274,0,5.600,5.600,0.000,7.242,2.800,3.621,0.000
00-0035544,Tom Kennedy,WR,DET,6,0.125,0.893,0.792,-4.319,-73.429,0.500,4,0.025,0.031,0.059,0,0.000,0.000,0.000,0.000,0,0.083,-0.083,0,5.600,5.600,0.000,6.097,0.933,1.016,0.000
00-0040363,Keleki Latu,TE,BUF,3,0.234,1.650,1.427,-1.584,-26.922,0.250,4,0.047,0.017,0.082,0,0.000,0.000,0.000,0.000,0,0.044,-0.044,0,5.500,5.500,0.000,5.767,1.833,1.922,0.000
00-0036842,Kene Nwangwu,RB,NYJ,10,0.044,1.007,1.008,-7.353,-124.998,0.833,1,0.005,-0.008,0.001,13,3.000,0.000,3.000,0.025,0,0.862,-0.862,0,4.900,4.900,0.000,10.069,0.490,1.007,0.000
00-0038579,Aidan O'Connell,QB,LV,1,0.820,7.984,10.592,-1.065,-18.104,0.083,0,0.000,0.000,0.000,1,0.000,0.000,0.000,0.000,0,0.003,-0.003,0,4.780,4.780,0.000,4.797,4.780,4.797,0.000
00-0037487,Deven Thompkins,WR,ATL,7,0.047,0.613,0.518,-5.202,-88.438,0.583,3,0.014,0.007,0.027,1,0.000,0.000,0.000,0.000,0,0.068,-0.068,0,4.700,4.700,0.000,5.109,0.671,0.730,0.000
00-0037557,Ronnie Rivers,RB,LA,6,0.025,0.634,0.471,-4.598,-78.174,0.500,0,0.000,0.000,0.000,9,0.000,0.000,0.000,0.000,0,0.066,-0.066,0,4.600,4.600,0.000,4.997,0.767,0.833,0.000
00-0038640,Jalen Brooks,WR,ARI,5,0.300,1.205,1.316,-3.469,-58.978,0.417,6,0.029,0.045,0.075,0,0.000,0.000,0.000,0.000,0,0.124,-0.124,0,4.600,4.600,0.000,5.345,0.920,1.069,0.000
00-0034854,KhaDarel Hodge,WR,ATL,8,0.106,1.236,1.649,-5.530,-94.017,0.667,10,0.041,0.067,0.108,0,0.000,0.000,0.000,0.000,0,0.207,-0.207,0,4.600,4.600,0.000,5.842,0.575,0.730,0.000
00-0034798,Durham Smythe,TE,CHI,7,0.254,0.783,0.852,-4.201,-71.410,0.583,6,0.029,0.009,0.050,0,0.000,0.000,0.000,0.000,0,0.067,-0.067,0,4.500,4.500,0.000,4.900,0.643,0.700,0.000
00-0038809,Ben Sims,TE,MIN,3,0.125,2.808,3.507,-1.294,-22.000,0.250,6,0.083,0.135,0.218,0,0.000,1.000,0.000,0.007,0,0.227,-0.227,0,4.500,4.500,0.000,5.859,1.500,1.953,0.000
00-0034386,Justin Watson,WR,HOU,3,0.387,2.171,2.163,-1.840,-31.282,0.250,4,0.054,0.060,0.122,0,0.000,2.000,0.000,0.013,0,0.340,-0.340,0,4.500,4.500,0.000,6.542,1.500,2.181,0.000
00-0037282,James Mitchell,TE,CAR,2,0.144,1.891,1.597,-1.016,-17.265,0.167,3,0.050,0.017,0.087,0,0.000,0.000,0.000,0.000,0,0.033,-0.033,0,4.300,4.300,0.000,4.500,2.150,2.250,0.000
00-0040494,Max Brosmer,QB,MIN,7,0.454,3.743,6.299,-9.928,-168.781,0.583,0,0.000,0.000,0.000,7,0.000,0.000,0.000,0.000,0,0.020,-0.020,0,4.220,4.220,0.000,4.337,0.603,0.620,0.000
00-0037120,Tyler Goodson,RB,IND,10,0.050,0.698,0.703,-7.610,-129.374,0.833,3,0.007,-0.001,0.010,9,0.000,1.000,1.000,0.005,0,0.456,-0.456,0,4.200,4.200,0.000,6.936,0.420,0.694,0.000
00-0040547,Nate Carter,RB,ATL,2,0.000,2.047,1.923,-1.297,-22.054,0.167,0,0.000,0.000,0.000,9,0.000,0.000,0.000,0.000,0,0.066,-0.066,0,4.000,4.000,0.000,4.397,2.000,2.199,0.000
00-0040154,Tai Felton,WR,MIN,12,0.044,0.316,0.277,-9.215,-156.655,1.000,3,0.011,0.006,0.020,0,0.000,0.000,0.000,0.000,0,0.062,-0.062,0,4.000,4.000,0.000,4.373,0.333,0.364,0.000
00-0037594,Julius Chestnut,RB,TEN,16,0.039,0.494,0.491,-9.337,-158.730,1.000,2,0.004,0.005,0.010,11,4.000,0.000,2.000,0.040,0,0.657,-0.657,0,4.000,4.000,0.000,7.944,0.250,0.497,0.000
00-0036679,Shane Buechele,QB,KC,1,0.450,5.357,6.520,-1.284,-21.825,0.083,0,0.000,0.000,0.000,1,0.000,0.000,0.000,0.000,0,0.003,-0.003,0,3.920,3.920,0.000,3.937,3.920,3.937,0.000
00-0036187,Reggie Gilliam,RB,BUF,11,0.212,0.263,0.069,-8.770,-149.098,0.917,2,0.006,0.010,0.016,2,1.000,0.000,1.000,0.005,0,0.285,-0.285,0,3.800,3.800,0.000,5.507,0.345,0.501,0.000
00-0038519,Nikko Remigio,WR,KC,14,0.033,0.130,0.010,-9.402,-159.830,1.000,1,0.002,0.004,0.007,1,0.000,0.000,0.000,0.000,0,0.027,-0.027,0,3.700,3.700,0.000,3.860,0.264,0.276,0.000
00-0040172,Jordan Watkins,WR,SF,2,0.102,2.000,2.011,-1.255,-21.339,0.167,3,0.054,0.097,0.149,0,0.000,0.000,0.000,0.000,0,0.062,-0.062,0,3.600,3.600,0.000,3.973,1.800,1.986,0.000
00-0036331,Devin Duvernay,WR,CHI,17,0.035,0.375,0.382,-9.156,-155.653,1.000,5,0.009,0.014,0.023,0,0.000,1.000,1.000,0.006,0,0.440,-0.440,0,3.600,3.600,0.000,6.240,0.212,0.367,0.000
00-0037258,Dameon Pierce,RB,KC,5,0.084,1.148,1.363,-3.618,-61.500,0.417,1,0.007,-0.005,0.008,14,1.000,0.000,0.000,0.005,0,0.139,-0.139,0,3.600,3.600,0.000,4.433,0.720,0.887,0.000
00-0034487,Trent Sherfield,WR,ARI,4,0.237,1.720,1.948,-2.604,-44.264,0.333,5,0.035,0.037,0.078,0,0.000,2.000,0.000,0.012,0,0.361,-0.361,0,3.600,3.600,0.000,5.766,0.900,1.442,0.000
00-0040406,Quentin Skinner,WR,NYJ,1,0.330,2.250,1.125,-0.607,-10.316,0.083,1,0.045,0.055,0.107,0,0.000,0.000,0.000,0.000,0,0.021,-0.021,0,3.500,3.500,0.000,3.624,3.500,3.624,0.000
00-0040432,Beaux Collins,WR,NYG,4,0.138,1.917,2.204,-2.538,-43.150,0.333,6,0.050,0.061,0.117,0,0.000,1.000,1.000,0.006,0,0.461,-0.461,0,3.500,3.500,0.000,6.265,0.875,1.566,0.000
00-0036534,Shane Zylstra,TE,DET,1,0.400,6.848,7.116,-0.095,-1.610,0.083,5,0.096,0.117,0.226,0,0.000,1.000,1.000,0.005,0,0.503,-0.503,0,3.500,3.500,0.000,6.520,3.500,6.520,0.000
00-0037524,Tay Martin,WR,WAS,2,0.170,1.502,1.279,-1.338,-22.751,0.167,2,0.043,0.033,0.087,0,0.000,0.000,0.000,0.000,0,0.041,-0.041,0,3.300,3.300,0.000,3.548,1.650,1.774,0.000
00-0039737,Tip Reiman,TE,ARI,3,0.370,1.557,1.840,-1.607,-27.316,0.250,5,0.052,0.047,0.111,0,0.000,0.000,0.000,0.000,0,0.056,-0.056,0,3.300,3.300,0.000,3.633,1.100,1.211,0.000
00-0036360,Clyde Edwards-Helaire,RB,KC,2,0.105,2.209,2.539,-1.270,-21.594,0.167,2,0.023,-0.006,0.031,7,0.000,0.000,0.000,0.000,0,0.069,-0.069,0,3.200,3.200,0.000,3.614,1.600,1.807,0.000
00-0037745,Velus Jones Jr.,WR,SEA,5,0.019,0.301,0.000,-3.846,-65.382,0.417,0,0.000,0.000,0.000,4,0.000,0.000,0.000,0.000,0,0.024,-0.024,0,3.200,3.200,0.000,3.345,0.640,0.669,0.000
00-0039884,Tahj Washington,WR,MIA,2,0.113,3.139,3.828,-1.065,-18.112,0.167,5,0.090,0.316,0.355,0,0.000,1.000,0.000,0.007,0,0.232,-0.232,0,3.200,3.200,0.000,4.594,1.600,2.297,0.000
00-0039062,Jonathan Mingo,WR,DAL,5,0.207,0.960,1.153,-3.571,-60.715,0.417,5,0.030,0.063,0.090,0,0.000,0.000,0.000,0.000,0,0.103,-0.103,0,3.000,3.000,0.000,3.621,0.600,0.724,0.000
00-0040317,Jacoby Jones,WR,WAS,1,0.000,2.181,1.409,-0.613,-10.413,0.083,1,0.034,0.014,0.061,0,0.000,0.000,0.000,0.000,0,0.021,-0.021,0,3.000,3.000,0.000,3.124,3.000,3.124,0.000
00-0038728,Jared Wayne,WR,HOU,1,0.440,2.740,2.325,-0.566,-9.621,0.083,2,0.053,0.050,0.114,0,0.000,0.000,0.000,0.000,0,0.041,-0.041,0,3.000,3.000,0.000,3.248,3.000,3.248,0.000
00-0037132,Britain Covey,WR,PHI,6,0.103,0.705,0.806,-4.413,-75.021,0.500,4,0.020,0.003,0.032,0,0.000,0.000,0.000,0.000,0,0.083,-0.083,0,3.000,3.000,0.000,3.497,0.500,0.583,0.000
00-0038752,Jake Bobo,WR,SEA,5,0.170,0.494,0.367,-3.765,-64.012,0.417,2,0.015,0.012,0.031,0,0.000,0.000,0.000,0.000,0,0.041,-0.041,0,3.000,3.000,0.000,3.248,0.600,0.650,0.000
00-0037654,Tucker Fisk,TE,LAC,4,0.337,0.880,0.952,-2.368,-40.260,0.333,4,0.029,0.012,0.052,0,0.000,0.000,0.000,0.000,0,0.044,-0.044,0,2.900,2.900,0.000,3.167,0.725,0.792,0.000
00-0031237,Teddy Bridgewater,QB,TB,3,0.122,0.440,0.000,-5.081,-86.376,0.250,0,0.000,0.000,0.000,3,0.000,0.000,0.000,0.000,0,0.008,-0.008,0,2.880,2.880,0.000,2.930,0.960,0.977,0.000
00-0039686,Colson Yankoff,TE,WAS,10,0.126,0.273,0.251,-6.426,-109.246,0.833,3,0.011,0.006,0.020,0,0.000,0.000,0.000,0.000,0,0.033,-0.033,0,2.800,2.800,0.000,3.000,0.280,0.300,0.000
00-0037340,Zaire Mitchell-Paden,TE,NO,3,0.229,1.828,1.799,-1.539,-26.166,0.250,3,0.041,0.019,0.075,0,0.000,1.000,1.000,0.008,0,0.481,-0.481,0,2.700,2.700,0.000,5.587,0.900,1.862,0.000
00-0038416,Tyson Bagent,QB,CHI,2,0.067,0.588,0.000,-3.363,-57.163,0.167,0,0.000,0.000,0.000,2,0.000,0.000,0.000,0.000,0,0.006,-0.006,0,2.580,2.580,0.000,2.614,1.290,1.307,0.000
00-0040388,Jakobie Keeney-James,WR,GB,1,0.940,2.578,2.438,-0.579,-9.851,0.083,2,0.200,0.556,0.689,0,0.000,0.000,0.000,0.000,0,0.041,-0.041,0,2.500,2.500,0.000,2.748,2.500,2.748,0.000
00-0035628,D'Ernest Johnson,RB,NE,5,0.085,1.190,1.406,-3.600,-61.204,0.417,0,0.000,0.000,0.000,14,1.000,0.000,1.000,0.006,0,0.355,-0.355,0,2.500,2.500,0.000,4.633,0.500,0.927,0.000
00-0037539,Lucas Krull,TE,DEN,2,0.290,1.869,2.267,-1.019,-17.325,0.167,4,0.071,0.042,0.135,0,0.000,0.000,0.000,0.000,0,0.044,-0.044,0,2.500,2.500,0.000,2.767,1.250,1.383,0.000
00-0040509,Ben Yurosek,TE,MIN,6,0.166,0.465,0.492,-3.759,-63.911,0.500,3,0.017,0.013,0.034,0,0.000,0.000,0.000,0.000,0,0.033,-0.033,0,2.400,2.400,0.000,2.600,0.400,0.433,0.000
00-0035602,Alex Bachman,WR,LV,11,0.063,0.261,0.282,-8.498,-144.470,0.917,3,0.009,0.005,0.018,0,0.000,0.000,0.000,0.000,0,0.062,-0.062,0,2.200,2.200,0.000,2.573,0.200,0.234,0.000
00-0033589,David Moore,WR,CAR,3,0.328,0.419,0.118,-2.278,-38.728,0.250,1,0.014,0.013,0.030,1,0.000,0.000,0.000,0.000,0,0.027,-0.027,0,2.200,2.200,0.000,2.360,0.733,0.787,0.000
00-0039407,Dylan Laube,RB,LV,17,0.029,0.204,0.240,-9.627,-163.655,1.000,4,0.008,-0.004,0.010,7,0.000,0.000,0.000,0.000,0,0.086,-0.086,0,2.200,2.200,0.000,2.718,0.129,0.160,0.000
00-0033949,Joshua Dobbs,QB,NE,4,0.180,0.255,0.000,-6.836,-116.213,0.333,0,0.000,0.000,0.000,10,0.000,0.000,0.000,0.000,0,0.028,-0.028,0,2.100,2.100,0.000,2.268,0.525,0.567,0.000
00-0038394,Will Mallory,TE,IND,1,0.135,1.657,1.240,-0.527,-8.963,0.083,1,0.034,0.056,0.091,0,0.000,0.000,0.000,0.000,0,0.011,-0.011,0,2.100,2.100,0.000,2.167,2.100,2.167,0.000
00-0036425,DeeJay Dallas,RB,JAX,5,0.062,0.404,0.333,-3.928,-66.776,0.417,1,0.005,-0.001,0.008,3,1.000,0.000,0.000,0.005,0,0.058,-0.058,0,2.100,2.100,0.000,2.447,0.420,0.489,0.000
00-0037015,Sal Cannella,TE,CLE,2,0.280,2.474,3.503,-0.918,-15.613,0.167,5,0.111,0.142,0.266,0,0.000,0.000,0.000,0.000,0,0.056,-0.056,0,2.100,2.100,0.000,2.433,1.050,1.217,0.000
00-0036497,Tim Jones,WR,JAX,2,0.095,0.792,0.570,-1.457,-24.762,0.167,1,0.015,0.007,0.028,0,0.000,0.000,0.000,0.000,0,0.021,-0.021,0,2.000,2.000,0.000,2.124,1.000,1.062,0.000
00-0040244,Moliki Matavao,TE,NO,1,0.213,2.175,2.210,-0.484,-8.229,0.083,2,0.074,0.018,0.124,0,0.000,0.000,0.000,0.000,0,0.022,-0.022,0,2.000,2.000,0.000,2.133,2.000,2.133,0.000
00-0040067,Jacardia Wright,RB,SEA,1,0.090,2.156,2.103,-0.640,-10.873,0.083,0,0.000,0.000,0.000,5,0.000,0.000,0.000,0.000,0,0.037,-0.037,0,2.000,2.000,0.000,2.221,2.000,2.221,0.000
00-0038582,Clayton Tune,QB,GB,2,0.585,3.422,5.378,-2.890,-49.133,0.167,0,0.000,0.000,0.000,5,0.000,0.000,0.000,0.000,0,0.014,-0.014,0,1.980,1.980,0.000,2.064,0.990,1.032,0.000
00-0035876,Andre Baccellia,WR,ARI,4,0.270,1.278,1.538,-2.751,-46.770,0.333,4,0.022,0.005,0.036,0,0.000,2.000,0.000,0.012,0,0.340,-0.340,0,1.800,1.800,0.000,3.842,0.450,0.961,0.000
00-0033662,Cooper Rush,QB,BAL,4,0.505,2.284,3.787,-6.160,-104.717,0.333,0,0.000,0.000,0.000,4,0.000,0.000,0.000,0.000,0,0.011,-0.011,0,1.720,1.720,0.000,1.787,0.430,0.447,0.000
00-0034073,Ross Dwelley,TE,DET,4,0.173,2.469,2.778,-1.838,-31.252,0.333,5,0.044,0.001,0.067,0,0.000,3.000,2.000,0.016,0,1.111,-1.111,0,1.700,1.700,0.000,8.366,0.425,2.092,0.000
00-0039021,Roschon Johnson,RB,CHI,6,0.009,0.134,0.000,-4.848,-82.421,0.500,0,0.000,0.000,0.000,2,0.000,0.000,0.000,0.000,0,0.015,-0.015,0,1.700,1.700,0.000,1.788,0.283,0.298,0.000
00-0039631,Cam Grandy,TE,CIN,2,0.092,0.921,0.924,-1.177,-20.013,0.167,2,0.035,-0.019,0.040,0,0.000,0.000,0.000,0.000,0,0.022,-0.022,0,1.700,1.700,0.000,1.833,0.850,0.917,0.000
00-0036232,Harrison Bryant,TE,HOU,5,0.213,0.932,1.351,-2.939,-49.955,0.417,6,0.037,0.044,0.086,0,0.000,0.000,0.000,0.000,0,0.067,-0.067,0,1.700,1.700,0.000,2.100,0.340,0.420,0.000
00-0039164,Anthony Richardson,QB,IND,2,0.115,0.411,0.000,-3.392,-57.665,0.167,1,0.016,0.004,0.027,4,0.000,0.000,0.000,0.000,0,0.028,-0.028,0,1.660,1.660,0.000,1.825,0.830,0.913,0.000
00-0039050,Payne Durham,TE,TB,8,0.318,0.558,0.726,-4.951,-84.160,0.667,4,0.017,0.013,0.034,0,0.000,1.000,0.000,0.007,0,0.204,-0.204,0,1.600,1.600,0.000,2.826,0.200,0.353,0.000
00-0039816,Anthony Gould,WR,IND,11,0.087,0.142,0.121,-8.607,-146.317,0.917,2,0.005,-0.001,0.007,0,0.000,0.000,0.000,0.000,0,0.041,-0.041,0,1.600,1.600,0.000,1.848,0.145,0.168,0.000
00-0033376,Patrick Ricard,RB,BAL,5,0.406,0.206,0.088,-4.010,-68.176,0.417,2,0.018,0.007,0.031,1,0.000,0.000,0.000,0.000,0,0.025,-0.025,0,1.600,1.600,0.000,1.749,0.320,0.350,0.000
00-0038710,Blake Whiteheart,TE,CLE,9,0.237,0.488,0.724,-5.622,-95.578,0.750,6,0.025,0.019,0.051,0,0.000,0.000,0.000,0.000,0,0.067,-0.067,0,1.400,1.400,0.000,1.800,0.156,0.200,0.000
00-0040646,Jalen Royals,WR,KC,2,0.190,1.458,1.926,-1.346,-22.874,0.167,3,0.050,0.049,0.110,0,0.000,0.000,0.000,0.000,0,0.062,-0.062,0,1.400,1.400,0.000,1.773,0.700,0.886,0.000
00-0037013,Zach Wilson,QB,MIA,4,0.113,0.161,0.000,-6.867,-116.746,0.333,0,0.000,0.000,0.000,3,0.000,0.000,0.000,0.000,0,0.008,-0.008,0,1.380,1.380,0.000,1.430,0.345,0.358,0.000
00-0039650,Bryce Oliver,WR,TEN,2,0.173,0.606,0.520,-1.487,-25.287,0.167,1,0.020,0.010,0.037,0,0.000,0.000,0.000,0.000,0,0.021,-0.021,0,1.300,1.300,0.000,1.424,0.650,0.712,0.000
00-0031484,Chris Manhertz,TE,NYG,4,0.178,0.802,0.989,-2.394,-40.701,0.333,2,0.016,0.014,0.034,0,0.000,1.000,0.000,0.006,0,0.182,-0.182,0,1.200,1.200,0.000,2.293,0.300,0.573,0.000
00-0040429,Josh Williams,RB,TB,2,0.043,0.678,0.710,-1.526,-25.934,0.167,0,0.000,0.000,0.000,4,0.000,0.000,0.000,0.000,0,0.029,-0.029,0,1.100,1.100,0.000,1.277,0.550,0.638,0.000
00-0038896,Jacob Saylors,RB,DET,11,0.008,0.049,0.000,-8.967,-152.438,0.917,0,0.000,0.000,0.000,2,0.000,0.000,0.000,0.000,0,0.015,-0.015,0,1.100,1.100,0.000,1.188,0.100,0.108,0.000
00-0033439,Pharaoh Brown,TE,ARI,5,0.130,0.740,0.704,-3.019,-51.316,0.417,2,0.011,0.001,0.016,0,0.000,1.000,1.000,0.006,0,0.470,-0.470,0,1.100,1.100,0.000,3.920,0.220,0.784,0.000
00-0037755,Jelani Woods,TE,NYJ,2,0.227,1.865,2.548,-1.020,-17.338,0.167,3,0.045,0.019,0.081,0,0.000,1.000,0.000,0.008,0,0.193,-0.193,0,0.900,0.900,0.000,2.059,0.450,1.030,0.000
00-0039824,Jared Wiley,TE,KC,2,0.098,0.434,0.393,-1.258,-21.393,0.167,1,0.016,-0.008,0.018,0,0.000,0.000,0.000,0.000,0,0.011,-0.011,0,0.900,0.900,0.000,0.967,0.450,0.483,0.000
00-0032434,Brandon Allen,QB,TEN,1,0.910,7.109,12.205,-1.138,-19.344,0.083,0,0.000,0.000,0.000,0,0.000,0.000,0.000,0.000,0,0.000,0.000,0,0.880,0.880,0.000,0.880,0.880,0.880,0.000
00-0040628,Drake Dabney,TE,GB,1,0.515,5.489,7.018,-0.208,-3.535,0.083,2,0.200,0.370,0.559,0,0.000,1.000,1.000,0.006,0,0.470,-0.470,0,0.800,0.800,0.000,3.620,0.800,3.620,0.000
00-0040039,Amar Johnson,RB,LAC,1,0.040,1.451,1.868,-0.698,-11.871,0.083,1,0.042,-0.011,0.055,2,0.000,0.000,0.000,0.000,0,0.023,-0.023,0,0.800,0.800,0.000,0.941,0.800,0.941,0.000
00-0040488,Carter Runyon,TE,LV,3,0.062,0.275,0.264,-1.927,-32.765,0.250,1,0.020,-0.020,0.016,0,0.000,0.000,0.000,0.000,0,0.011,-0.011,0,0.800,0.800,0.000,0.867,0.267,0.289,0.000
00-0037098,Samori Toure,WR,NO,1,0.150,3.625,4.999,-0.492,-8.367,0.083,3,0.088,0.107,0.207,0,0.000,1.000,0.000,0.008,0,0.191,-0.191,0,0.800,0.800,0.000,1.945,0.800,1.945,0.000
00-0040205,Kalel Mullings,RB,TEN,4,0.021,0.166,0.131,-3.222,-54.769,0.333,0,0.000,0.000,0.000,3,0.000,0.000,0.000,0.000,0,0.022,-0.022,0,0.700,0.700,0.000,0.832,0.175,0.208,0.000
00-0035311,Myles Gaskin,RB,SEA,1,0.040,0.982,1.186,-0.737,-12.536,0.083,0,0.000,0.000,0.000,3,0.000,0.000,0.000,0.000,0,0.022,-0.022,0,0.600,0.600,0.000,0.732,0.600,0.732,0.000
00-0038458,Owen Wright,RB,TB,2,0.033,0.428,0.479,-1.567,-26.641,0.167,0,0.000,0.000,0.000,3,0.000,0.000,0.000,0.000,0,0.022,-0.022,0,0.600,0.600,0.000,0.732,0.300,0.366,0.000
00-0033757,Robert Tonyan,TE,KC,2,0.111,0.367,0.395,-1.270,-21.582,0.167,1,0.012,0.002,0.019,0,0.000,0.000,0.000,0.000,0,0.011,-0.011,0,0.600,0.600,0.000,0.667,0.300,0.333,0.000
00-0038573,Derius Davis,WR,LAC,11,0.111,0.164,0.228,-8.587,-145.972,0.917,3,0.009,0.014,0.023,2,0.000,0.000,0.000,0.000,0,0.074,-0.074,0,0.500,0.500,0.000,0.945,0.045,0.086,0.000
00-0039305,Jack Westover,TE,NE,4,0.218,0.331,0.472,-2.551,-43.371,0.333,2,0.021,0.001,0.033,0,0.000,0.000,0.000,0.000,0,0.022,-0.022,0,0.500,0.500,0.000,0.633,0.125,0.158,0.000
00-0036825,Feleipe Franks,TE,ATL,10,0.013,0.025,0.000,-6.633,-112.760,0.833,0,0.000,0.000,0.000,2,0.000,0.000,0.000,0.000,0,0.025,-0.025,0,0.400,0.400,0.000,0.552,0.040,0.055,0.000
00-0039364,Sione Vaki,RB,DET,8,0.001,0.025,0.000,-6.537,-111.132,0.667,0,0.000,0.000,0.000,1,0.000,0.000,0.000,0.000,0,0.007,-0.007,0,0.400,0.400,0.000,0.444,0.050,0.056,0.000
00-0035567,Craig Reynolds,RB,DET,5,0.009,0.085,0.068,-4.061,-69.032,0.417,0,0.000,0.000,0.000,3,0.000,0.000,0.000,0.000,0,0.022,-0.022,0,0.400,0.400,0.000,0.532,0.080,0.106,0.000
00-0039266,Kendall Milton,RB,CIN,1,0.060,0.514,0.699,-0.776,-13.198,0.083,0,0.000,0.000,0.000,2,0.000,0.000,0.000,0.000,0,0.015,-0.015,0,0.200,0.200,0.000,0.288,0.200,0.288,0.000
00-0038911,Malik Cunningham,WR,DET,1,0.020,0.061,0.000,-0.789,-13.416,0.083,0,0.000,0.000,0.000,1,0.000,0.000,0.000,0.000,0,0.006,-0.006,0,0.100,0.100,0.000,0.136,0.100,0.136,0.000
00-0035704,Drew Lock,QB,SEA,3,0.130,0.030,0.000,-5.183,-88.116,0.250,0,0.000,0.000,0.000,6,0.000,0.000,0.000,0.000,0,0.017,-0.017,0,0.100,0.100,0.000,0.201,0.033,0.067,0.000
00-0038396,Eric Gray,RB,NYG,1,0.013,0.000,0.000,-0.819,-13.927,0.083,0,0.000,0.000,0.000,0,0.000,0.000,0.000,0.000,0,0.000,0.000,0,0.000,0.000,0.000,0.000,0.000,0.000,0.000
00-0040058,Nick Kallerup,TE,SEA,4,0.236,0.773,0.843,-2.404,-40.862,0.333,1,0.021,0.016,0.042,0,0.000,1.000,1.000,0.006,0,0.459,-0.459,0,0.000,0.000,0.000,2.753,0.000,0.688,0.000
00-0038576,Charlie Jones,WR,CIN,14,0.021,0.017,0.023,-9.515,-161.753,1.000,1,0.002,0.009,0.009,0,0.000,0.000,0.000,0.000,0,0.021,-0.021,0,0.000,0.000,0.000,0.124,0.000,0.009,0.000
00-0035956,Giovanni Ricci,TE,DET,2,0.293,1.418,1.451,-1.094,-18.606,0.167,1,0.017,0.008,0.031,0,0.000,1.000,1.000,0.005,0,0.459,-0.459,0,0.000,0.000,0.000,2.753,0.000,1.377,0.000
00-0036950,Avery Williams,RB,NYJ,1,0.000,0.000,0.000,-0.819,-13.927,0.083,0,0.000,0.000,0.000,0,0.000,0.000,0.000,0.000,0,0.000,0.000,0,0.000,0.000,0.000,0.000,0.000,0.000,0.000
00-0036984,Trey Sermon,RB,PIT,3,0.005,0.000,0.000,-2.458,-41.781,0.250,0,0.000,0.000,0.000,0,0.000,0.000,0.000,0.000,0,0.000,0.000,0,0.000,0.000,0.000,0.000,0.000,0.000,0.000
00-0035726,Jakob Johnson,RB,HOU,2,0.201,0.000,0.000,-1.638,-27.854,0.167,0,0.000,0.000,0.000,0,0.000,0.000,0.000,0.000,0,0.000,0.000,0,0.000,0.000,0.000,0.000,0.000,0.000,0.000
00-0040629,Dalevon Campbell,WR,CAR,1,0.065,0.000,0.000,-0.794,-13.503,0.083,0,0.000,0.000,0.000,0,0.000,0.000,0.000,0.000,0,0.000,0.000,0,0.000,0.000,0.000,0.000,0.000,0.000,0.000
00-0035639,Parris Campbell,WR,DAL,1,0.040,0.000,0.000,-0.794,-13.503,0.083,0,0.000,0.000,0.000,0,0.000,0.000,0.000,0.000,0,0.000,0.000,0,0.000,0.000,0.000,0.000,0.000,0.000,0.000
00-0040649,Robbie Ouzts,RB,SEA,4,0.274,0.000,0.000,-3.277,-55.708,0.333,0,0.000,0.000,0.000,0,0.000,0.000,0.000,0.000,0,0.000,0.000,0,0.000,0.000,0.000,0.000,0.000,0.000,0.000
00-0034681,Chase Edmonds,RB,WAS,3,0.007,0.000,0.000,-2.458,-41.781,0.250,0,0.000,0.000,0.000,0,0.000,0.000,0.000,0.000,0,0.000,0.000,0,0.000,0.000,0.000,0.000,0.000,0.000,0.000
00-0040225,Thomas Fidone II,TE,NYG,1,0.033,0.000,0.000,-0.665,-11.311,0.083,0,0.000,0.000,0.000,0,0.000,0.000,0.000,0.000,0,0.000,0.000,0,0.000,0.000,0.000,0.000,0.000,0.000,0.000
00-0038409,Lew Nichols III,RB,PIT,1,0.000,0.000,0.000,-0.819,-13.927,0.083,0,0.000,0.000,0.000,0,0.000,0.000,0.000,0.000,0,0.000,0.000,0,0.000,0.000,0.000,0.000,0.000,0.000,0.000
00-0032951,Laquon Treadwell,WR,IND,6,0.059,0.000,0.000,-4.766,-81.017,0.500,0,0.000,0.000,0.000,0,0.000,0.000,0.000,0.000,0,0.000,0.000,0,0.000,0.000,0.000,0.000,0.000,0.000,0.000
00-0034867,Malik Turner,WR,SF,2,0.080,0.339,0.565,-1.532,-26.045,0.167,1,0.010,-0.009,0.010,0,0.000,0.000,0.000,0.000,0,0.021,-0.021,0,0.000,0.000,0.000,0.124,0.000,0.062,0.000
00-0034928,Steven Sims,WR,ARI,3,0.070,0.219,0.365,-2.328,-39.576,0.250,1,0.011,0.003,0.019,0,0.000,0.000,0.000,0.000,0,0.021,-0.021,0,0.000,0.000,0.000,0.124,0.000,0.041,0.000
00-0034955,Brett Rypien,QB,CIN,1,0.050,0.000,0.000,-1.730,-29.415,0.083,0,0.000,0.000,0.000,0,0.000,0.000,0.000,0.000,0,0.000,0.000,0,0.000,0.000,0.000,0.000,0.000,0.000,0.000
00-0031763,DeAndre Carter,WR,CLE,4,0.000,0.000,0.000,-3.177,-54.011,0.333,0,0.000,0.000,0.000,0,0.000,0.000,0.000,0.000,0,0.000,0.000,0,0.000,0.000,0.000,0.000,0.000,0.000,0.000
00-0037380,Kaden Davis,WR,CLE,1,0.010,0.000,0.000,-0.794,-13.503,0.083,0,0.000,0.000,0.000,0,0.000,0.000,0.000,0.000,0,0.000,0.000,0,0.000,0.000,0.000,0.000,0.000,0.000,0.000
00-0039363,Isaac Guerendo,RB,SF,7,0.000,0.000,0.000,-5.735,-97.488,0.583,0,0.000,0.000,0.000,0,0.000,0.000,0.000,0.000,0,0.000,0.000,0,0.000,0.000,0.000,0.000,0.000,0.000,0.000
00-0037311,Ko Kieft,TE,TB,2,0.140,0.000,0.000,-1.331,-22.622,0.167,0,0.000,0.000,0.000,0,0.000,0.000,0.000,0.000,0,0.000,0.000,0,0.000,0.000,0.000,0.000,0.000,0.000,0.000
00-0039489,Hayden Rucci,TE,MIA,1,0.170,0.000,0.000,-0.665,-11.311,0.083,0,0.000,0.000,0.000,0,0.000,0.000,0.000,0.000,0,0.000,0.000,0,0.000,0.000,0.000,0.000,0.000,0.000,0.000
00-0037277,Teagan Quitoriano,TE,ATL,2,0.125,0.000,0.000,-1.331,-22.622,0.167,0,0.000,0.000,0.000,0,0.000,0.000,0.000,0.000,0,0.000,0.000,0,0.000,0.000,0.000,0.000,0.000,0.000,0.000
00-0024243,Marcedes Lewis,TE,DEN,1,0.242,0.000,0.000,-0.665,-11.311,0.083,0,0.000,0.000,0.000,0,0.000,0.000,0.000,0.000,0,0.000,0.000,0,0.000,0.000,0.000,0.000,0.000,0.000,0.000
00-0037031,Nikola Kalinic,TE,CHI,2,0.000,0.000,0.000,-1.331,-22.622,0.167,0,0.000,0.000,0.000,0,0.000,0.000,0.000,0.000,0,0.000,0.000,0,0.000,0.000,0.000,0.000,0.000,0.000,0.000
00-0039710,Jeshaun Jones,WR,MIN,1,0.000,0.000,0.000,-0.794,-13.503,0.083,0,0.000,0.000,0.000,0,0.000,0.000,0.000,0.000,0,0.000,0.000,0,0.000,0.000,0.000,0.000,0.000,0.000,0.000
00-0040534,Ke'Shawn Williams,WR,CIN,11,0.035,0.031,0.042,-8.709,-148.050,0.917,1,0.003,0.002,0.005,2,0.000,0.000,0.000,0.000,0,0.033,-0.033,0,0.000,0.000,0.000,0.196,0.000,0.018,0.000
00-0038590,Justin Shorter,TE,LV,3,0.013,0.000,0.000,-1.996,-33.933,0.250,0,0.000,0.000,0.000,0,0.000,0.000,0.000,0.000,0,0.000,0.000,0,0.000,0.000,0.000,0.000,0.000,0.000,0.000
00-0038498,E.J. Jenkins,TE,PHI,1,0.095,0.000,0.000,-0.665,-11.311,0.083,0,0.000,0.000,0.000,0,0.000,0.000,0.000,0.000,0,0.000,0.000,0,0.000,0.000,0.000,0.000,0.000,0.000,0.000
00-0036527,DJ Turner,WR,LV,1,0.000,0.000,0.000,-0.794,-13.503,0.083,0,0.000,0.000,0.000,0,0.000,0.000,0.000,0.000,0,0.000,0.000,0,0.000,0.000,0.000,0.000,0.000,0.000,0.000
00-0040352,Coleman Owen,WR,IND,2,0.010,0.385,0.650,-1.524,-25.914,0.167,1,0.014,0.003,0.023,0,0.000,0.000,0.000,0.000,0,0.021,-0.021,0,0.000,0.000,0.000,0.124,0.000,0.062,0.000
00-0038492,Jason Brownlee,WR,KC,3,0.068,0.684,0.659,-2.212,-37.602,0.250,1,0.009,0.011,0.021,0,0.000,1.000,1.000,0.005,0,0.357,-0.357,0,0.000,0.000,0.000,2.144,0.000,0.715,0.000
00-0040241,Dominic Lovett,WR,DET,2,0.018,0.000,0.000,-1.589,-27.006,0.167,0,0.000,0.000,0.000,0,0.000,0.000,0.000,0.000,0,0.000,0.000,0,0.000,0.000,0.000,0.000,0.000,0.000,0.000
00-0036463,Chris Blair,WR,ATL,1,0.053,0.000,0.000,-0.794,-13.503,0.083,0,0.000,0.000,0.000,0,0.000,0.000,0.000,0.000,0,0.000,0.000,0,0.000,0.000,0.000,0.000,0.000,0.000,0.000
00-0036567,Elijah Mitchell,RB,KC,1,0.100,0.508,0.882,-0.777,-13.207,0.083,1,0.023,0.049,0.069,0,0.000,0.000,0.000,0.000,0,0.009,-0.009,0,0.000,0.000,0.000,0.052,0.000,0.052,0.000
00-0038488,Brady Russell,RB,SEA,10,0.054,0.002,0.000,-8.190,-139.236,0.833,1,0.003,0.000,0.005,0,0.000,0.000,0.000,0.000,0,0.009,-0.009,0,0.000,0.000,0.000,0.052,0.000,0.005,0.000
00-0038643,Brayden Willis,TE,SF,6,0.028,0.054,0.089,-3.965,-67.409,0.500,1,0.004,0.001,0.007,0,0.000,0.000,0.000,0.000,0,0.011,-0.011,0,0.000,0.000,0.000,0.067,0.000,0.011,0.000
00-0036569,Gary Brightwell,RB,CIN,2,0.000,0.000,0.000,-1.638,-27.854,0.167,0,0.000,0.000,0.000,0,0.000,0.000,0.000,0.000,0,0.000,0.000,0,0.000,0.000,0.000,0.000,0.000,0.000,0.000
00-0040431,Dalen Cambre,WR,NYG,3,0.033,0.000,0.000,-2.383,-40.508,0.250,0,0.000,0.000,0.000,0,0.000,0.000,0.000,0.000,0,0.000,0.000,0,0.000,0.000,0.000,0.000,0.000,0.000,0.000
00-0038678,Jordan Mims,RB,TEN,1,0.000,0.000,0.000,-0.819,-13.927,0.083,0,0.000,0.000,0.000,0,0.000,0.000,0.000,0.000,0,0.000,0.000,0,0.000,0.000,0.000,0.000,0.000,0.000,0.000
00-0038735,Princeton Fant,TE,DAL,1,0.000,0.000,0.000,-0.665,-11.311,0.083,0,0.000,0.000,0.000,0,0.000,0.000,0.000,0.000,0,0.000,0.000,0,0.000,0.000,0.000,0.000,0.000,0.000,0.000
00-0040476,Ulysses Bentley IV,RB,IND,1,0.030,0.154,0.244,-0.806,-13.709,0.083,0,0.000,0.000,0.000,1,0.000,0.000,0.000,0.000,0,0.007,-0.007,0,0.000,0.000,0.000,0.044,0.000,0.044,0.000
00-0038740,Jalen Moreno-Cropper,WR,DAL,2,0.043,0.000,0.000,-1.589,-27.006,0.167,0,0.000,0.000,0.000,0,0.000,0.000,0.000,0.000,0,0.000,0.000,0,0.000,0.000,0.000,0.000,0.000,0.000,0.000
00-0038456,Travis Vokolek,TE,ARI,1,0.108,0.000,0.000,-0.665,-11.311,0.083,0,0.000,0.000,0.000,0,0.000,0.000,0.000,0.000,0,0.000,0.000,0,0.000,0.000,0.000,0.000,0.000,0.000,0.000
00-0038564,Cameron Latu,TE,PHI,10,0.111,0.000,0.000,-6.654,-113.111,0.833,0,0.000,0.000,0.000,0,0.000,0.000,0.000,0.000,0,0.000,0.000,0,0.000,0.000,0.000,0.000,0.000,0.000,0.000
00-0034054,River Cracraft,WR,WAS,2,0.050,0.000,0.000,-1.589,-27.006,0.167,0,0.000,0.000,0.000,0,0.000,0.000,0.000,0.000,0,0.000,0.000,0,0.000,0.000,0.000,0.000,0.000,0.000,0.000
00-0036646,Simi Fehoko,WR,ARI,7,0.062,0.000,0.000,-5.560,-94.520,0.583,0,0.000,0.000,0.000,0,0.000,0.000,0.000,0.000,0,0.000,0.000,0,0.000,0.000,0.000,0.000,0.000,0.000,0.000
00-0033319,Nick Mullens,QB,JAX,4,0.112,0.018,0.000,-6.915,-117.555,0.333,0,0.000,0.000,0.000,12,0.000,0.000,0.000,0.000,0,0.034,-0.034,0,-0.040,-0.040,0.000,0.161,-0.010,0.040,0.000
00-0039577,Kedon Slovis,QB,ARI,2,0.030,-0.018,0.000,-3.464,-58.880,0.167,0,0.000,0.000,0.000,0,0.000,0.000,0.000,0.000,0,0.000,0.000,0,-0.080,-0.080,0.000,-0.080,-0.040,-0.040,0.000
00-0035264,Jarrett Stidham,QB,DEN,1,0.060,-0.037,0.000,-1.733,-29.468,0.083,0,0.000,0.000,0.000,1,0.000,0.000,0.000,0.000,0,0.003,-0.003,0,-0.100,-0.100,0.000,-0.083,-0.100,-0.083,0.000
00-0038658,Adrian Martinez,QB,SF,1,0.000,-0.037,0.000,-1.733,-29.468,0.083,0,0.000,0.000,0.000,1,0.000,0.000,0.000,0.000,0,0.003,-0.003,0,-0.100,-0.100,0.000,-0.083,-0.100,-0.083,0.000
00-0034367,Nyheim Hines,RB,NO,4,0.030,-0.009,0.007,-3.280,-55.758,0.333,0,0.000,0.000,0.000,2,0.000,0.000,0.000,0.000,0,0.015,-0.015,0,-0.200,-0.200,0.000,-0.112,-0.050,-0.028,0.000
00-0035594,Travis Homer,RB,CHI,8,0.007,-0.009,0.000,-6.560,-111.514,0.667,0,0.000,0.000,0.000,1,0.000,0.000,0.000,0.000,0,0.007,-0.007,0,-0.200,-0.200,0.000,-0.156,-0.025,-0.019,0.000
00-0034577,Kyle Allen,QB,DET,2,0.083,-0.056,0.000,-3.470,-58.988,0.167,0,0.000,0.000,0.000,3,0.000,0.000,0.000,0.000,0,0.008,-0.008,0,-0.300,-0.300,0.000,-0.250,-0.150,-0.125,0.000
00-0035289,Gardner Minshew,QB,KC,4,0.168,-0.014,0.020,-6.926,-117.735,0.333,0,0.000,0.000,0.000,6,0.000,0.000,0.000,0.000,0,0.017,-0.017,0,-0.320,-0.320,0.000,-0.219,-0.080,-0.055,0.000
00-0031345,Jimmy Garoppolo,QB,LA,3,0.083,0.534,1.202,-5.057,-85.974,0.250,0,0.000,0.000,0.000,9,0.000,0.000,0.000,0.000,0,0.025,-0.025,0,-1.000,-1.000,0.000,-0.849,-0.333,-0.283,0.000
00-0040673,Jalen Milroe,QB,SEA,3,0.020,-0.232,0.000,-5.249,-89.232,0.250,0,0.000,0.000,0.000,3,0.000,0.000,0.000,0.000,0,0.008,-0.008,0,-1.600,-1.600,0.000,-1.550,-0.533,-0.517,0.000
00-0035140,Mecole Hardman,WR,BUF,2,0.035,-0.088,0.607,-1.603,-27.256,0.167,1,0.017,0.066,0.072,0,0.000,0.000,0.000,0.000,0,0.021,-0.021,0,-2.000,-2.000,0.000,-1.876,-1.000,-0.938,0.000
00-0040075,LaJohntay Wester,WR,BAL,14,0.062,-0.064,0.000,-9.596,-163.127,1.000,0,0.000,0.000,0.000,0,0.000,0.000,0.000,0.000,0,0.000,0.000,0,-2.000,-2.000,0.000,-2.000,-0.143,-0.143,0.000
00-0033572,Jamal Agnew,WR,ATL,11,0.002,-0.082,0.000,-8.812,-149.806,0.917,0,0.000,0.000,0.000,0,0.000,0.000,0.000,0.000,0,0.000,0.000,0,-2.000,-2.000,0.000,-2.000,-0.182,-0.182,0.000
00-0038496,Xavier Gipson,WR,PHI,6,0.021,0.230,0.607,-4.651,-79.060,0.500,2,0.013,-0.008,0.014,0,0.000,1.000,0.000,0.007,0,0.170,-0.170,0,-2.400,-2.400,0.000,-1.379,-0.400,-0.230,0.000
00-0040506,Myles Price,WR,MIN,16,0.018,-0.169,0.000,-9.700,-164.903,1.000,0,0.000,0.000,0.000,0,0.000,0.000,0.000,0.000,0,0.000,0.000,0,-6.000,-6.000,0.000,-6.000,-0.375,-0.375,0.000
